age,gender,ethnicity,gameplayFreq,gambling,esports,token,simulated,real_money,lootbox,problem_gambling,gaming_disorder,mainGame
38,0,1,1,11,0,0,0,0,0,1,0,Worms
50,0,0,1,6,0,0,0,0,1,0,0,World of Warcraft
32,0,0,1,6,0,0,0,0,0,0,0,World of Warcraft
38,0,0,1,9,0,0,1,0,0,0,0,Wordscapes
60,0,0,1,0,0,0,0,0,1,0,0,WordMix
58,0,0,1,3,0,0,0,0,1,0,0,Word Wipe
38,0,0,1,5,0,0,0,0,1,0,0,Word Hero
45,0,0,1,3,0,0,0,0,0,0,0,War is rising
35,0,0,1,4,0,0,0,0,1,0,0,Tony Hawks project 8
64,0,1,1,4,0,0,0,0,1,0,0,The Simpsons Tapped Out
35,0,0,1,4,0,0,0,0,0,1,0,The Simpsons Tapped Out
40,0,0,1,8,1,0,0,0,1,0,0,tetris
43,0,1,0,0,0,0,0,0,1,0,0,Street Fighter
58,0,0,1,1,0,0,0,0,1,0,0,Stick cricket
34,0,0,1,11,0,0,0,0,0,0,0,star wars galaxy of heroes
63,0,0,0,10,0,0,0,0,1,0,0,spider solitaire
37,0,1,0,9,1,0,1,1,1,0,0,Solitaire
62,0,0,0,4,0,0,0,0,1,0,0,Solitaire
56,0,0,1,10,0,0,0,0,1,1,0,Skyrim SE
36,0,0,1,9,0,0,0,0,1,1,0,Rocksmith 2014
53,0,0,0,0,0,0,0,0,1,0,0,Red Dead Redmption 2
32,0,0,1,7,0,0,0,0,0,0,0,Red dead redemption 2
70,0,0,1,7,0,0,0,0,1,1,0,Red Dead Redemption
62,0,0,1,4,0,0,0,0,0,0,0,red dead redemption
18,0,0,1,6,0,0,0,1,0,0,0,Rainbow six siege
48,0,0,1,8,0,0,1,0,0,0,0,Rainbow 6 Seige
25,0,1,1,1,0,0,0,0,1,0,0,PUBG
31,0,1,0,2,0,0,0,0,1,1,0,Pokemon Go
61,0,0,1,1,0,0,0,0,1,0,0,plants v zombies 2
20,0,1,1,1,0,0,0,0,0,0,0,Path of Exile
37,0,0,1,6,0,0,0,0,0,0,0,overwatch
47,0,0,0,1,0,0,0,0,1,0,0,NA
56,0,0,1,7,0,0,0,0,1,0,0,NA
60,0,0,0,0,0,0,0,0,1,0,0,Na
51,0,0,0,4,0,0,0,0,1,0,0,Na
72,0,0,0,2,0,0,0,0,1,0,0,Na
59,0,0,0,4,0,0,0,0,1,1,0,na
45,0,0,0,2,0,0,0,0,1,1,0,na
60,0,0,0,0,0,0,0,0,1,0,0,N\A
58,0,0,0,5,0,0,0,0,1,0,0,N\A
67,0,0,0,1,0,0,0,0,1,0,0,N/A
26,0,0,0,3,0,0,0,0,1,0,0,N/A
58,0,0,0,7,0,0,0,0,1,0,0,N/A
23,0,1,1,4,0,0,1,1,0,1,0,N/A
55,0,0,0,3,0,0,0,0,1,0,0,N/A
65,0,0,0,0,0,0,0,0,1,0,0,N/A
52,0,0,1,5,0,0,0,0,0,0,0,N/A
58,0,0,0,3,0,0,0,0,1,0,0,N/A
55,0,0,1,7,0,0,0,0,1,0,0,N/A
54,0,0,0,0,0,0,0,0,1,0,0,N/A
64,0,0,0,6,0,0,0,0,1,0,0,N/A
38,0,1,0,0,0,0,0,0,0,1,0,N/A
53,0,0,0,0,0,0,0,0,1,0,0,N/A
43,0,0,1,5,0,0,1,0,0,1,0,N/A
57,0,0,0,8,0,0,0,0,1,1,0,N/A
57,0,0,0,7,0,0,0,0,1,0,0,N/A
48,0,0,0,2,0,0,0,0,1,0,0,N/A
54,0,0,0,3,0,0,0,0,1,0,0,N/A
54,0,0,0,6,0,0,0,0,1,0,0,N/A
63,0,0,0,1,0,0,0,0,1,0,0,N/A
74,0,0,0,5,0,0,0,0,1,1,0,N/A
61,0,0,0,4,0,0,0,0,1,1,0,N/A
58,0,0,0,5,0,0,0,0,1,0,0,N/A
65,0,0,0,6,0,0,0,0,1,0,0,N/A
60,0,0,1,1,0,0,0,0,0,0,0,N/A
64,0,0,0,3,0,0,0,0,1,0,0,N/A
70,0,0,0,2,0,0,0,0,1,0,0,N/A
58,0,0,1,10,0,0,0,0,1,1,0,N/A
64,0,0,0,4,0,0,0,0,1,0,0,N/A
60,0,0,0,3,0,0,0,0,1,0,0,N/A
40,0,1,0,4,0,0,0,0,1,0,0,N/A
58,0,1,0,5,0,0,0,0,1,1,0,N/A
62,0,0,0,0,0,0,0,0,1,0,0,N/A
47,0,0,0,6,0,0,0,0,1,0,0,N/A
56,0,0,0,6,0,0,0,0,1,0,0,N/A
66,0,0,0,5,0,0,0,0,1,1,0,N/A
63,0,0,0,2,0,0,0,0,1,0,0,N/A
21,0,1,0,0,0,0,0,0,1,0,0,N/A
58,0,1,0,4,0,0,0,0,1,0,0,N/A
23,0,1,0,6,0,0,0,0,1,1,0,N/A
69,0,0,0,2,0,0,0,0,1,0,0,N/A
65,0,0,0,5,0,0,0,0,1,1,0,N/A
54,0,0,0,2,0,0,0,0,1,0,0,N/A
58,0,0,0,3,0,0,0,0,1,0,0,N/A
55,0,0,0,5,0,0,0,0,1,0,0,N/A
52,0,0,1,0,0,0,0,0,1,0,0,N/A
56,0,0,0,5,0,0,0,0,1,0,0,N/A
52,0,0,0,5,0,0,0,0,1,0,0,N/A
63,0,0,0,6,0,0,0,0,1,0,0,N/A
33,0,0,0,5,0,0,0,0,1,1,0,N/A
59,0,0,0,0,0,0,0,0,1,0,0,N/A
76,0,0,0,1,0,0,0,0,1,0,0,N/A
60,0,1,1,7,0,0,1,0,1,0,0,N/A
39,0,0,0,1,0,0,0,0,1,0,0,N/A
42,0,0,1,8,1,0,0,0,1,0,0,N/A
51,0,0,0,5,0,0,0,0,1,0,0,N/A
51,0,0,1,6,0,0,0,0,1,0,0,N/A
51,0,0,0,1,0,0,0,0,1,0,0,N/A
54,0,0,0,6,0,0,0,0,1,0,0,N/A
51,0,0,0,4,0,0,0,0,1,0,0,N/A
59,0,0,0,0,0,0,0,0,1,0,0,N/A
66,0,0,0,6,0,0,0,0,1,1,0,N/A
63,0,0,0,4,0,0,0,0,1,0,0,N/A
34,0,0,0,6,0,0,0,0,0,0,0,N/A
41,0,1,0,0,0,0,0,0,1,0,0,N/A
34,0,0,1,4,0,0,0,0,1,0,0,N/A
61,0,0,0,3,0,0,0,0,1,1,0,N/A
28,0,1,1,9,0,0,0,1,1,0,0,N/A
46,0,0,0,0,0,0,0,0,1,0,0,N/A
42,0,0,0,6,1,0,0,0,1,0,0,N/A
28,0,0,0,4,0,0,0,0,1,0,0,N/A
55,0,0,0,6,0,0,0,0,1,1,0,N/A
32,0,0,1,1,0,0,0,0,0,0,0,N/A
44,0,0,0,4,0,0,0,0,1,1,0,N/A
46,0,0,0,7,0,0,0,0,1,1,0,N/A
33,0,0,0,8,0,0,0,0,1,0,0,N/A
64,0,0,0,1,0,0,0,0,1,0,0,N/A
60,0,0,1,6,0,0,0,0,1,1,0,N/A
53,0,0,0,6,0,0,0,0,1,0,0,N/A
66,0,0,0,7,0,0,0,0,1,0,0,N/A
30,0,0,0,7,0,0,0,0,1,1,0,N/A
35,0,0,0,7,0,0,0,0,1,1,0,N/A
39,0,0,1,0,0,0,0,0,1,0,0,N/A
34,0,0,0,9,0,0,0,0,1,0,0,N/A
23,0,0,1,5,0,0,0,0,0,0,0,N/A
62,0,0,0,7,1,0,0,0,1,1,0,N/A
54,0,1,0,3,0,0,0,0,1,0,0,N/A
60,0,0,0,4,0,0,0,0,1,0,0,N/A
69,0,0,0,2,0,0,0,0,1,0,0,N/A
40,0,0,0,5,0,0,0,0,1,0,0,N/A
47,0,0,0,4,0,0,0,0,1,1,0,N/A
52,0,0,0,4,0,0,0,0,1,0,0,N/A
39,0,0,0,3,0,0,0,0,1,0,0,N/A
48,0,0,0,7,0,0,1,0,1,0,0,N/A
59,0,0,0,11,1,0,1,1,1,1,0,N/A
52,0,0,0,2,0,0,0,0,1,0,0,N/A
42,0,1,0,3,0,0,0,0,1,1,0,N/A
41,0,0,0,8,0,0,0,0,1,0,0,N/A
54,0,1,0,3,0,0,0,0,1,0,0,N/A
33,0,1,0,2,0,1,1,1,1,0,0,N/A
62,0,0,0,7,0,0,0,0,1,0,0,N/A
58,0,0,0,8,0,0,0,0,1,1,0,N/A
63,0,0,0,2,0,0,0,0,1,0,0,N/A
64,0,0,0,5,0,1,0,0,1,1,0,N/A
65,0,0,0,5,0,0,0,0,1,0,0,N/A
67,0,0,0,5,0,0,0,0,1,1,0,N/A
61,0,0,0,4,0,0,0,0,1,0,0,N/A
70,0,0,1,5,0,0,0,0,1,1,0,N/A
62,0,0,0,3,0,0,0,0,1,0,0,N/A
70,0,0,0,2,0,0,0,0,1,0,0,N/A
66,0,0,0,4,0,0,0,0,1,1,0,N/A
68,0,0,0,0,0,0,0,0,1,0,0,N/A
62,0,0,0,1,0,0,0,0,1,0,0,N/A
63,0,0,0,5,0,0,0,0,1,1,0,N/A
60,0,0,0,1,0,0,0,0,1,0,0,N/A
61,0,0,0,1,0,0,0,0,1,0,0,N/A
68,0,0,0,1,0,0,0,0,1,0,0,N/A
61,0,0,0,8,0,0,0,0,1,0,0,N/A
59,0,0,0,4,0,0,0,0,1,0,0,N/A
52,0,1,0,3,0,0,0,0,1,0,0,N/A
64,0,0,0,0,0,0,0,0,1,1,0,N/A
59,0,0,0,4,0,0,0,0,1,1,0,N/A
64,0,0,0,3,0,0,0,0,1,0,0,N/A
65,0,0,0,2,0,0,0,0,1,0,0,N/A
63,0,0,0,2,0,0,0,0,1,0,0,N/A
59,0,0,0,5,0,0,0,0,1,1,0,N/A
66,0,0,0,2,0,0,0,0,1,0,0,N/A
74,0,0,0,5,0,0,0,0,1,0,0,N/A
35,0,0,0,3,0,0,0,0,1,0,0,N/A
65,0,0,0,2,0,0,0,0,1,0,0,N/A
60,0,0,0,2,0,0,0,0,1,0,0,N/a
52,0,0,0,3,0,0,0,0,1,0,0,N/a
55,0,0,0,6,0,0,0,0,1,0,0,N/a
32,0,1,0,4,0,0,0,0,1,0,0,N/a
64,0,0,0,2,0,0,0,0,1,0,0,N/a
45,0,0,0,9,0,0,0,0,1,0,0,N/a
60,0,0,0,4,0,0,0,0,1,0,0,N/a
59,0,0,0,6,0,0,0,0,1,1,0,N/a
48,0,0,0,8,0,0,0,0,1,1,0,n/a
64,0,0,0,7,0,0,0,0,1,0,0,n/a
58,0,0,0,8,0,0,0,0,1,1,0,n/a
57,0,0,0,6,0,0,0,0,1,0,0,n/a
47,0,0,0,3,0,0,0,0,1,0,0,n/a
48,0,0,0,3,0,0,0,0,1,0,0,n/a
59,0,0,0,1,0,0,0,0,1,0,0,n/a
57,0,0,0,3,0,0,0,0,1,0,0,n/a
55,0,0,0,9,0,0,0,0,1,1,0,n/a
49,0,0,1,7,0,0,0,0,1,1,0,n/a
60,0,0,0,5,0,0,0,0,1,0,0,n/a
63,0,0,0,7,0,0,0,0,1,0,0,n/a
70,0,0,0,2,0,0,0,0,1,0,0,n/a
75,0,0,0,8,0,0,0,0,1,0,0,n/a
65,0,0,0,0,0,0,0,0,1,0,0,n/a
58,0,0,0,5,0,0,0,0,1,0,0,n/a
30,0,0,0,1,0,0,0,0,1,0,0,n/a
34,0,0,0,3,0,0,0,0,1,0,0,n/a
63,0,0,0,11,0,0,0,0,1,1,0,N?A
64,0,0,0,5,0,0,0,0,1,0,0,monster busters
52,0,0,1,6,0,0,0,0,1,0,0,Miniclip free pool
58,0,0,1,7,0,0,0,0,1,0,0,merge dragons
58,0,0,1,5,0,0,0,0,1,0,0,medal of honour
63,0,0,0,4,0,0,0,0,1,0,0,mahjong
44,0,0,1,4,1,1,1,0,0,0,0,Mafia 3
18,0,1,1,0,0,1,0,1,0,0,0,League Of Legends
50,0,0,1,3,0,1,0,0,1,0,0,internet checkers
32,0,1,1,11,0,0,0,0,1,0,0,injustice 2
59,0,0,1,2,0,0,0,0,1,0,0,Ingress
61,0,0,0,5,0,0,0,0,1,0,0,I don't play Video games
68,0,0,0,1,0,0,0,0,1,0,0,"i do not have time to play games, my small farm needs me to concentrate."
58,0,1,1,11,0,0,0,0,0,0,0,Guild Wars 2
31,0,0,0,6,0,0,0,0,1,0,0,GTA V
47,0,0,0,10,0,0,0,0,0,0,0,GTA
49,0,0,0,3,0,0,0,0,1,0,0,GTA
41,0,1,0,2,0,0,0,0,1,0,0,grand tourismo
25,0,0,1,7,0,0,0,0,0,0,0,Grand theft auto 5
26,0,1,1,0,0,0,0,0,0,0,0,Grand Theft Auto 4
66,0,0,0,6,0,0,0,0,1,0,0,Governor of poker
50,0,0,1,3,0,0,0,0,1,0,0,Golf clash
58,0,0,0,4,0,0,0,0,1,0,0,gears of war
18,0,0,0,0,0,0,0,0,1,0,0,Forza horizon
48,0,0,1,9,0,0,1,1,1,1,0,Fortnite
41,0,0,1,4,0,0,1,0,1,0,0,Football manager pc
42,0,0,1,8,0,0,0,0,0,1,0,Football Manager
37,0,0,1,6,0,0,0,0,0,0,0,Football Manager
38,0,0,1,9,0,0,0,0,0,0,0,football manager
47,0,0,0,2,0,0,0,0,1,0,0,Football Chairman
69,0,0,0,0,0,0,0,0,1,0,0,fifa19
59,0,0,1,1,0,0,0,0,1,0,0,fifa17
38,0,1,0,6,1,0,0,0,1,0,0,Fifa?
38,0,1,1,5,0,0,0,0,1,1,0,FIFA 2019
43,0,1,1,10,0,0,1,0,0,0,0,fifa 2018
54,0,0,1,11,0,0,1,0,0,0,0,FIFA 19
60,0,0,1,4,0,0,0,0,1,0,0,Fifa 19
40,0,0,1,6,0,0,0,0,0,1,0,fifa 18
40,0,0,0,2,0,0,0,0,1,0,0,FIFA
36,0,1,1,6,0,0,0,0,1,0,0,Fifa
19,0,1,1,0,0,0,0,0,0,0,0,Fifa
64,0,0,0,0,0,0,0,0,1,0,0,Fifa
28,0,0,1,6,0,1,1,0,1,0,0,Fifa
52,0,1,1,11,0,0,0,0,0,1,0,fif 2019
25,0,0,1,10,0,0,0,0,1,0,0,Farmville
55,0,0,1,6,0,0,0,0,0,1,0,Fallout 3
60,0,0,1,4,0,0,0,0,1,0,0,Fallout
42,0,0,0,7,0,0,0,0,0,0,0,"eve, but have also been playing fallout until recently"
63,0,0,1,4,0,0,0,0,0,0,0,Elvenar city building game on PC
67,0,0,0,3,0,0,0,0,1,0,0,Elite dangerous
46,0,0,1,4,0,0,1,0,1,0,0,dragon age
51,0,0,0,2,0,0,0,0,1,0,0,Doom
27,0,0,1,4,0,1,0,0,1,0,0,Crash Team Racing
25,0,0,1,8,0,0,1,0,0,0,0,Crash Team Racing
41,0,1,1,1,0,0,0,0,1,1,0,Console
54,0,0,1,3,0,0,0,0,1,0,0,Command and Conquer
49,0,0,1,6,0,0,0,0,1,0,0,COD
39,0,0,1,3,0,0,0,0,0,0,0,Civilization
41,0,0,0,11,0,0,0,0,1,0,0,Civilization
51,0,0,0,3,0,0,0,0,1,0,0,Chuckie Egg
66,0,0,0,1,0,0,0,0,1,0,0,Candy Crush
48,0,0,1,5,0,0,0,0,0,0,0,candy crush
32,0,0,1,3,0,0,0,0,1,0,0,candy crush
59,0,0,1,7,0,0,0,0,1,0,0,CALL OF DUTY
58,0,0,1,5,0,0,0,0,1,1,0,CALL OF DUTY
40,0,0,0,3,0,0,0,0,1,0,0,Call Of Duty
61,0,0,1,7,0,0,0,0,0,1,0,Call of duty
42,0,0,1,7,1,0,0,0,0,0,0,Block Hexa
39,0,0,1,10,0,0,0,0,0,1,0,Battlefield 1
34,0,0,1,1,0,0,0,0,1,0,0,Batman
38,0,0,1,8,0,0,1,0,1,0,0,assassins creed series
38,0,0,1,1,0,0,0,0,1,0,0,Arma 3
45,0,0,1,9,0,0,1,0,0,0,0,angry birds
65,1,0,1,2,0,0,0,0,1,0,0,Words With Friends
42,1,1,0,4,0,0,0,0,1,0,0,Words
70,1,0,1,7,0,0,1,0,1,0,0,township
21,1,1,0,2,1,0,0,0,1,0,0,toon blast
18,1,0,0,1,0,0,0,0,1,0,0,The Sims 3
56,1,0,1,0,0,0,0,0,1,0,0,The Sims
26,1,0,1,7,0,1,1,1,1,0,0,The Sims
47,1,1,1,2,0,0,0,0,1,1,0,The sims
27,1,0,1,0,0,0,0,0,1,1,0,the sims
48,1,0,0,0,0,0,0,0,1,0,0,The Simpsons Tapped Out
34,1,0,1,9,0,0,0,0,1,0,0,Super Marion brow
68,1,0,0,7,0,0,0,0,1,0,0,Sugar crush
27,1,0,0,6,0,0,0,0,1,0,0,spyro
58,1,0,1,5,0,0,0,0,1,1,0,Spider
41,1,1,1,0,0,0,0,0,1,0,0,Solitaire
47,1,0,1,6,0,0,0,0,1,0,0,Solitaire
60,1,0,0,5,0,0,0,0,1,0,0,Solitaire
32,1,0,0,8,1,1,0,0,1,1,0,Sims freeplay
43,1,0,1,7,0,0,0,0,1,0,0,scrabble online
69,1,0,0,4,0,0,0,0,1,0,0,scrabble
50,1,0,0,5,0,0,0,0,1,0,0,Rock band
29,1,0,1,6,0,0,0,0,1,0,0,Red Dead Redemption 2
58,1,0,1,8,0,0,0,0,1,1,0,Puzzly Words on Facebook
67,1,0,1,4,0,0,0,0,1,0,0,Puzzles
23,1,0,1,10,1,1,1,1,1,0,0,pub g
43,1,0,0,7,0,1,0,0,1,1,0,Professor Layton
30,1,1,1,2,0,0,0,0,0,0,0,Pocket Camp
31,1,0,0,6,0,0,0,0,1,0,0,Peak brain training
21,1,1,0,1,0,0,0,0,1,0,0,Peak
26,1,0,0,1,0,0,0,0,0,0,0,PC
48,1,0,1,2,0,0,0,0,1,0,0,patients
59,1,0,0,4,0,0,0,0,1,0,0,patience game
60,1,0,0,4,0,0,0,0,1,0,0,None
50,1,0,0,6,0,0,0,0,1,0,0,NA
48,1,0,0,5,0,0,0,0,1,0,0,NA
51,1,1,0,2,0,0,0,0,1,1,0,NA
48,1,0,0,3,0,0,0,0,1,0,0,Na
60,1,0,0,7,0,0,1,0,1,1,0,na
49,1,0,0,2,0,0,0,0,1,0,0,na
53,1,0,0,1,0,0,0,0,1,0,0,N/A - I don't play any games
39,1,1,0,0,0,0,0,0,1,0,0,N/A
48,1,1,0,1,0,0,0,0,1,0,0,N/A
75,1,0,0,5,0,0,0,0,1,0,0,N/A
32,1,1,0,2,0,0,0,0,1,0,0,N/A
64,1,0,0,5,0,0,0,0,1,0,0,N/A
39,1,1,0,5,0,0,0,0,1,0,0,N/A
63,1,0,0,8,0,0,0,0,1,0,0,N/A
49,1,0,0,2,0,0,0,0,1,0,0,N/A
69,1,0,0,1,0,0,0,0,1,0,0,N/A
49,1,0,0,8,0,0,0,0,1,1,0,N/A
52,1,0,0,3,0,0,0,0,1,0,0,N/A
56,1,0,0,2,0,0,0,0,1,0,0,N/A
56,1,0,0,7,0,0,0,0,1,1,0,N/A
51,1,0,0,4,0,0,0,0,1,0,0,N/A
59,1,0,0,4,0,0,0,0,1,0,0,N/A
43,1,0,0,8,0,1,1,0,1,0,0,N/A
40,1,0,0,0,0,0,0,0,1,0,0,N/A
47,1,0,0,1,0,0,0,0,1,0,0,N/A
50,1,0,0,10,0,0,0,0,1,1,0,N/A
59,1,0,1,6,0,0,0,0,1,1,0,N/A
72,1,0,0,6,0,0,0,0,1,0,0,N/A
38,1,0,0,5,0,0,0,0,1,0,0,N/A
52,1,0,0,5,0,0,0,0,1,0,0,N/A
43,1,0,0,8,0,0,0,0,1,1,0,N/A
21,1,0,0,0,0,0,0,0,1,0,0,N/A
52,1,0,0,3,0,0,0,0,1,0,0,N/A
44,1,0,0,11,0,0,0,0,1,1,0,N/A
31,1,0,0,8,0,0,0,0,1,0,0,N/A
44,1,0,0,3,0,0,0,0,1,0,0,N/A
54,1,0,1,6,0,0,0,0,1,0,0,N/A
65,1,0,0,2,0,0,0,0,1,0,0,N/A
65,1,0,0,4,0,0,0,0,1,0,0,N/A
35,1,0,0,5,0,0,0,0,1,0,0,N/A
58,1,0,0,4,0,0,0,0,1,0,0,N/A
39,1,0,0,5,0,0,0,0,1,0,0,N/A
36,1,0,0,2,0,0,0,0,0,0,0,N/A
55,1,0,0,1,0,0,0,0,1,0,0,N/A
53,1,0,0,4,0,0,0,0,1,0,0,N/A
32,1,0,0,5,0,0,0,0,1,0,0,N/A
58,1,0,0,5,0,0,0,0,1,0,0,N/A
43,1,0,0,4,0,0,0,0,1,0,0,N/A
63,1,0,0,9,0,0,1,0,1,0,0,N/A
46,1,0,0,5,0,0,0,0,1,0,0,N/A
36,1,1,0,2,0,0,0,0,1,0,0,N/A
62,1,0,0,3,0,0,0,0,1,0,0,N/A
58,1,0,0,7,0,0,0,0,1,0,0,N/A
59,1,0,0,5,0,0,0,0,1,1,0,N/A
68,1,0,0,4,0,0,0,0,1,0,0,N/A
70,1,0,0,6,0,0,0,0,1,1,0,N/A
65,1,0,0,5,0,0,0,0,1,0,0,N/A
67,1,0,0,4,0,0,0,0,1,0,0,N/A
69,1,0,1,9,0,0,0,0,1,1,0,N/A
71,1,0,0,6,0,0,1,0,1,0,0,N/A
52,1,1,0,6,0,0,0,0,1,0,0,N/A
42,1,1,0,0,0,0,0,0,1,0,0,N/A
29,1,1,0,4,0,0,0,0,1,1,0,N/A
18,1,1,0,1,0,0,1,0,1,0,0,N/A
47,1,0,0,1,0,0,0,0,1,0,0,N/A
23,1,1,0,4,1,0,0,0,1,0,0,N/A
66,1,0,0,2,0,0,0,0,1,0,0,N/A
27,1,0,0,0,0,0,0,0,1,0,0,N/A
18,1,1,0,0,0,0,0,0,1,0,0,N/A
54,1,0,0,6,0,0,0,0,1,0,0,N/A
25,1,1,0,0,0,0,0,0,1,0,0,N/A
29,1,1,0,5,0,0,0,0,1,0,0,N/A
54,1,0,0,1,0,0,0,0,1,0,0,N/A
64,1,0,0,7,0,0,0,0,1,0,0,N/A
47,1,0,0,6,0,0,0,0,1,0,0,N/A
64,1,0,0,1,0,0,0,0,1,0,0,N/A
51,1,0,0,1,0,0,0,0,1,0,0,N/A
41,1,0,0,9,0,0,0,0,1,0,0,N/A
52,1,0,0,1,0,0,0,0,1,0,0,N/A
60,1,0,0,2,0,0,0,0,1,1,0,N/A
39,1,0,0,8,0,0,0,0,1,1,0,N/A
26,1,1,0,0,0,0,0,0,1,0,0,N/A
70,1,0,0,2,0,0,0,0,1,0,0,N/A
27,1,0,0,3,0,0,0,0,1,0,0,N/A
22,1,0,0,8,0,0,0,0,1,1,0,N/A
63,1,0,0,6,0,0,0,0,1,0,0,N/A
20,1,0,0,6,0,0,1,0,1,1,0,N/A
53,1,0,0,6,0,0,0,0,1,0,0,N/A
58,1,0,0,2,0,0,0,0,1,0,0,N/A
63,1,0,0,4,0,0,0,0,1,0,0,N/A
51,1,0,0,3,0,0,0,0,1,0,0,N/A
57,1,0,0,6,0,0,0,0,1,0,0,N/A
44,1,0,0,9,1,0,0,0,1,0,0,N/A
44,1,0,1,10,0,1,1,1,0,0,0,N/A
65,1,0,0,5,0,0,0,0,1,0,0,N/A
60,1,0,0,4,0,0,0,0,1,0,0,N/A
49,1,0,0,9,0,0,0,0,1,0,0,N/A
58,1,0,0,6,0,0,0,0,1,0,0,N/A
63,1,0,0,8,0,0,0,0,1,0,0,N/A
61,1,0,0,5,0,0,0,0,1,1,0,N/A
58,1,0,0,10,0,0,0,0,1,1,0,N/A
37,1,0,0,4,0,0,0,0,1,0,0,N/A
44,1,0,0,1,0,0,0,0,1,0,0,N/A
54,1,0,0,2,0,0,0,0,1,0,0,N/A
41,1,0,0,9,0,0,0,0,1,0,0,N/A
45,1,0,0,2,0,0,0,0,1,0,0,N/A
59,1,0,0,6,0,0,0,0,1,0,0,N/A
20,1,1,0,1,0,0,0,0,1,1,0,N/A
64,1,0,0,1,0,0,0,0,1,0,0,N/A
50,1,0,0,10,0,0,0,0,1,0,0,N/A
33,1,0,0,7,0,0,0,0,1,0,0,N/A
49,1,0,0,5,0,0,0,0,1,0,0,N/A
48,1,0,0,3,0,0,0,0,1,0,0,N/A
29,1,0,0,4,0,0,0,0,1,0,0,N/A
39,1,0,0,2,0,0,0,0,1,0,0,N/A
53,1,0,0,7,0,0,0,0,1,0,0,N/A
19,1,0,0,2,0,0,0,0,1,0,0,N/A
27,1,0,0,6,1,0,0,0,1,0,0,N/A
52,1,0,0,6,0,0,0,0,1,0,0,N/A
22,1,0,0,0,0,0,0,0,1,0,0,N/A
55,1,0,0,10,0,0,0,0,1,0,0,N/A
27,1,0,0,2,0,0,0,0,1,0,0,N/A
64,1,0,0,4,0,0,1,0,1,0,0,N/A
24,1,0,0,6,0,0,0,0,1,0,0,N/A
50,1,0,0,5,0,0,0,0,1,0,0,N/A
48,1,0,0,6,0,0,0,0,1,0,0,N/A
35,1,0,1,3,0,0,0,0,1,0,0,N/A
53,1,0,0,2,0,0,0,0,1,0,0,N/A
36,1,0,0,3,0,0,0,0,1,1,0,N/A
33,1,0,0,9,0,0,0,0,1,0,0,N/A
32,1,0,0,6,0,0,0,0,1,0,0,N/A
38,1,0,0,2,0,0,0,0,1,0,0,N/A
34,1,0,0,3,0,0,0,0,1,0,0,N/A
37,1,0,0,6,0,0,0,0,1,0,0,N/A
28,1,0,0,5,0,0,0,0,1,0,0,N/A
64,1,0,0,3,0,0,0,0,1,0,0,N/A
25,1,0,0,4,0,0,0,0,1,0,0,N/A
54,1,0,0,6,0,0,0,0,1,0,0,N/A
36,1,0,0,4,0,0,0,0,1,0,0,N/A
22,1,0,0,3,0,0,0,0,0,0,0,N/A
55,1,0,0,5,0,0,0,0,1,0,0,N/A
75,1,0,0,3,0,0,0,0,1,0,0,N/A
31,1,0,0,7,0,0,0,0,1,0,0,N/A
62,1,0,0,2,0,0,0,0,1,0,0,N/A
47,1,0,0,5,0,0,0,0,1,0,0,N/A
44,1,0,0,5,0,0,0,0,1,0,0,N/A
64,1,0,0,7,0,0,0,0,1,0,0,N/A
67,1,0,0,0,0,0,0,0,1,0,0,N/A
58,1,0,0,0,0,0,0,0,1,0,0,N/A
63,1,0,0,8,0,0,0,0,1,0,0,N/A
31,1,0,0,5,0,0,0,0,1,1,0,N/A
43,1,1,0,4,0,0,0,0,1,0,0,N/A
66,1,0,0,5,0,0,0,0,1,0,0,N/A
47,1,0,0,2,1,1,1,1,1,0,0,N/A
63,1,0,0,3,0,0,0,0,1,0,0,N/A
68,1,0,0,5,0,0,0,0,1,0,0,N/A
60,1,0,0,1,0,0,0,0,1,0,0,N/A
60,1,0,0,4,0,0,0,0,1,0,0,N/A
32,1,1,0,0,0,0,0,0,1,0,0,N/A
62,1,0,0,3,0,0,0,0,1,0,0,N/A
62,1,0,0,3,0,0,0,0,1,0,0,N/A
62,1,0,0,0,0,0,0,0,1,0,0,N/A
67,1,0,0,1,0,0,0,0,1,0,0,N/A
58,1,0,0,1,0,0,0,0,1,0,0,N/A
69,1,0,0,5,0,0,0,0,1,0,0,N/A
72,1,0,0,3,0,0,0,0,1,0,0,N/A
52,1,1,0,1,0,0,0,0,1,0,0,N/A
59,1,0,0,3,0,0,0,0,1,0,0,N/A
63,1,0,1,4,0,0,0,0,1,0,0,N/A
59,1,0,1,4,0,0,0,0,1,0,0,N/A
62,1,0,0,4,0,0,0,0,1,0,0,N/A
51,1,1,1,6,0,0,0,0,1,0,0,N/A
86,1,0,0,0,0,0,0,0,1,0,0,N/A
62,1,0,0,2,0,0,0,0,1,0,0,N/A
60,1,0,0,5,0,0,0,0,1,0,0,N/A
60,1,0,1,11,0,0,0,0,1,1,0,N/A
62,1,0,0,5,0,0,0,0,1,0,0,N/A
61,1,0,0,2,0,0,0,0,1,0,0,N/A
61,1,1,1,8,0,0,0,0,1,1,0,N/A
64,1,0,0,6,0,0,0,0,1,1,0,N/A
50,1,1,1,0,0,0,0,0,1,0,0,N/A
62,1,1,0,0,0,0,0,0,1,0,0,N/A
28,1,1,0,1,0,0,0,0,1,0,0,N/A
26,1,1,0,6,0,0,0,0,1,0,0,N/A
54,1,0,0,7,0,0,0,0,1,0,0,N/A
64,1,0,0,10,0,0,1,1,1,0,0,N/A
54,1,0,0,4,0,0,0,0,1,0,0,N/A
66,1,0,0,3,0,0,0,0,1,0,0,N/A
60,1,0,0,5,0,0,0,0,1,0,0,N/A
60,1,0,0,9,0,0,0,0,1,0,0,N/A
59,1,0,0,1,0,0,0,0,1,0,0,N/a
29,1,0,0,6,0,0,0,0,1,0,0,N/a
39,1,0,0,4,0,0,0,0,1,0,0,N/a
60,1,0,0,6,0,0,0,0,1,0,0,N/a
46,1,0,0,7,0,0,0,0,1,0,0,N/a
35,1,0,0,9,1,0,1,0,1,1,0,N/a
31,1,0,0,4,0,0,0,0,1,0,0,N/a
38,1,0,0,6,0,0,0,0,1,1,0,N/a
32,1,0,0,0,0,0,0,0,1,0,0,N/a
22,1,0,0,6,0,0,1,0,1,0,0,N/a
47,1,0,0,1,0,0,0,0,1,0,0,N/a
47,1,0,0,6,0,0,0,0,1,0,0,N/a
58,1,0,0,1,0,0,0,0,1,0,0,N/a
61,1,0,0,2,0,1,1,1,1,0,0,N/a
64,1,0,0,4,0,0,0,0,1,1,0,N/a
60,1,0,0,7,0,0,0,0,1,0,0,N/a
59,1,0,0,6,0,0,0,0,1,1,0,N/a
71,1,0,0,1,0,0,0,0,1,0,0,N/a
58,1,0,0,5,0,0,0,0,1,0,0,N/a
21,1,1,0,0,0,0,0,0,1,0,0,n/a
30,1,0,0,4,0,0,0,0,1,0,0,n/a
53,1,0,0,1,0,0,0,0,1,0,0,n/a
55,1,0,0,5,0,0,0,0,1,0,0,n/a
62,1,0,0,2,0,0,0,0,1,0,0,n/a
64,1,0,0,5,0,0,0,0,1,1,0,n/a
59,1,0,0,6,0,0,1,0,1,1,0,n/a
58,1,0,0,1,0,0,0,0,1,0,0,n/a
68,1,0,0,2,0,0,0,0,1,0,0,n/a
50,1,0,0,8,0,0,0,0,1,1,0,n/a
63,1,0,0,9,0,0,0,0,1,0,0,n/a
19,1,0,0,0,0,0,0,0,0,0,0,n/a
32,1,0,0,8,0,0,0,0,1,1,0,n/a
39,1,0,0,2,0,0,0,0,1,0,0,n/a
53,1,0,0,10,0,0,0,0,1,0,0,n/a
59,1,0,0,7,0,0,0,0,1,0,0,n/a
44,1,0,0,7,0,0,0,0,1,0,0,n/a
33,1,0,0,6,0,0,0,0,1,1,0,n/a
39,1,0,0,2,0,0,0,0,1,0,0,n/a
26,1,0,0,5,0,0,0,0,1,0,0,n/a
44,1,0,0,6,0,0,0,0,1,0,0,n/a
29,1,0,1,0,0,0,0,0,1,0,0,n/a
44,1,0,0,4,0,0,0,0,1,0,0,n/a
40,1,0,0,5,0,0,0,0,1,1,0,n/a
44,1,0,0,4,0,0,0,0,1,0,0,n/a
61,1,0,0,3,0,0,0,0,1,1,0,n/a
70,1,0,1,2,0,0,0,0,1,0,0,n/a
64,1,0,0,3,0,0,0,0,1,0,0,n/a
60,1,0,0,1,0,0,0,0,1,1,0,n/a
58,1,0,0,8,0,0,0,0,1,1,0,n/a
60,1,0,0,3,0,0,0,0,1,0,0,n/a
59,1,0,0,5,0,0,0,0,1,0,0,n/a
63,1,0,1,6,0,0,0,0,1,1,0,n/a
35,1,1,0,8,0,0,0,0,1,1,0,n/a
35,1,0,0,6,0,0,0,0,1,1,0,n/a
38,1,0,0,3,0,0,0,0,1,0,0,n/a
68,1,0,0,6,0,0,0,0,1,0,0,n/a
38,1,0,0,11,1,0,0,0,1,0,0,n/a
60,1,0,0,4,0,0,0,0,1,1,0,n/a
29,1,1,0,0,0,0,1,0,1,0,0,n/a
66,1,0,0,0,0,0,0,0,1,0,0,N?A
45,1,0,0,6,0,0,0,0,1,0,0,N?A
58,1,0,0,6,0,0,0,0,1,0,0,n?A
60,1,0,1,1,0,0,0,0,1,0,0,Monsterbusters
55,1,1,1,1,0,0,0,0,1,0,0,Mobile device
49,1,1,0,5,0,0,0,0,1,1,0,Mobile device
38,1,0,0,3,0,0,0,0,1,0,0,Minecraft
36,1,0,0,9,0,0,0,0,1,1,0,Minecraft
54,1,0,1,9,0,1,1,1,1,0,0,Minecraft
31,1,1,0,5,0,0,0,0,1,0,0,mario kart or gta (grand theft auto)
45,1,0,1,7,0,0,0,0,1,1,0,Mario Kart
41,1,1,0,5,0,0,0,0,1,0,0,Mario Kart
21,1,1,1,0,0,0,0,0,1,0,0,Mario Kart
54,1,0,0,5,0,0,0,0,1,0,0,Mario Kart
49,1,1,0,11,0,0,1,0,1,0,0,mario kart
59,1,0,0,5,0,0,0,0,1,0,0,Mahjong
57,1,0,0,4,0,0,0,0,1,0,0,Mah Jong
39,1,0,1,5,0,0,0,0,1,0,0,Klondike
31,1,0,1,5,1,0,1,0,1,0,0,Jungle jewels
63,1,0,0,7,0,0,0,0,1,0,0,I don't play video games
42,1,0,1,7,0,0,0,0,0,0,0,Haunted HOtel
41,1,0,1,2,0,0,0,0,1,0,0,Gardenscapes
30,1,0,1,11,1,0,1,0,0,1,0,fortnite
67,1,0,1,5,0,0,0,0,1,0,0,Farmville2
56,1,0,1,4,0,0,0,0,1,0,0,farm heros
58,1,0,1,5,0,0,0,0,1,0,0,Fallout4
64,1,0,1,0,0,0,0,0,1,0,0,elevate
44,1,0,0,5,0,0,0,0,1,0,0,Dots
70,1,0,0,3,0,0,0,0,1,0,0,doo not play video games
69,1,0,0,3,0,0,0,0,1,0,0,Don't play these at all.
50,1,0,1,5,0,0,0,0,1,0,0,Dominion
47,1,0,1,5,0,0,0,0,1,0,0,Dishonoured death of the outsider
35,1,0,1,6,0,0,0,0,1,0,0,Currently Cheeky Chooks on steam but I just finished it and will start something new soon.
42,1,0,0,5,0,0,0,0,1,1,0,Cod
64,1,0,1,0,0,0,0,0,1,0,0,Civilization
53,1,0,1,5,0,0,0,0,1,0,0,Candy crush friends
69,1,0,1,6,0,0,0,0,1,0,0,Candy Crush
39,1,1,1,8,1,0,1,0,1,1,0,Candy Crush
21,1,0,0,4,0,0,0,0,0,0,0,Candy Crush
64,1,0,1,2,0,0,0,0,1,0,0,Candy crush
58,1,0,1,7,0,0,1,0,1,0,0,Candy crush
64,1,1,1,0,0,0,0,0,1,0,0,candy crush
40,1,1,1,2,0,0,0,0,1,0,0,Call of duty black op 4
19,1,0,1,4,1,0,0,0,1,0,0,Call of Duty
24,1,0,0,5,0,0,0,0,0,0,0,Call of Duty
29,1,1,1,11,1,1,0,1,1,0,0,Call of duty
38,1,0,1,5,0,0,0,0,0,1,0,boom beach
51,1,0,1,5,0,0,0,0,1,0,0,Bingo
51,1,0,1,9,0,0,0,0,1,1,0,Bejewelled
61,1,0,1,1,0,0,0,0,1,0,0,Bejeweled Blitz
32,1,0,1,9,0,0,1,0,1,0,0,1010!
64,1,0,0,4,0,0,0,0,1,0,0,N/A
69,1,1,0,8,0,0,0,0,1,0,0,N/A
65,1,0,0,3,0,0,0,0,1,0,0,n/a
63,1,0,0,1,0,0,0,0,1,0,0,N/A
34,1,0,0,7,0,0,0,0,1,1,0,n/a
61,1,0,0,2,0,0,0,0,1,0,0,n/a
63,0,0,0,1,0,0,0,0,1,0,0,na
55,0,0,0,3,0,0,0,0,1,0,0,N/A
50,0,1,0,7,0,0,0,0,1,1,0,N/a
50,0,1,0,0,0,0,0,0,1,1,0,n/a
63,0,0,0,8,0,0,1,0,0,1,0,The Simpsons Tapped Out
53,0,1,0,5,0,0,0,0,1,1,0,N/A
65,0,0,0,2,0,0,0,0,1,0,0,N/A
59,0,0,0,5,0,0,0,0,1,0,0,N/a
56,1,0,0,4,0,0,1,0,1,0,0,N/a
32,1,0,0,3,0,0,0,0,1,0,0,N/A
60,1,0,0,4,0,0,0,0,1,1,0,N/A
40,1,0,0,5,0,0,0,0,1,0,0,N/A
49,1,1,1,4,1,0,0,0,1,0,0,lemmings
28,0,0,1,3,0,0,0,0,0,0,1,zelda
51,0,1,1,5,0,0,0,0,1,1,1,World of warships
40,0,0,1,3,0,0,0,0,0,0,1,world of warships
49,0,1,0,0,0,0,0,0,1,0,1,wolfenstein
45,0,0,1,7,0,0,0,0,1,0,1,Viva Pinata
35,0,0,1,2,0,0,0,0,0,0,1,ultra street fighter iv
41,0,0,1,4,0,0,0,0,0,0,1,Super Mario Maker 2
40,0,0,1,4,0,0,0,0,0,0,1,Star Trek online
65,0,0,1,2,0,0,0,0,1,0,1,Solitaire
37,0,0,1,8,0,0,0,0,0,0,1,Slotomania
43,0,0,0,4,0,0,0,0,1,0,1,Skyrim
19,0,1,1,4,0,0,0,0,1,0,1,Skyrim
43,0,0,1,11,0,0,0,0,1,1,1,runescape
25,0,0,1,5,0,0,0,0,0,0,1,Rome Total War
21,0,0,1,9,1,1,0,0,0,0,1,Rocket League
21,0,0,0,8,0,1,1,0,0,1,1,Pokemon
31,0,0,1,3,0,0,0,0,0,1,1,Need for speed no limits
37,0,0,1,7,0,0,1,1,1,0,1,Na
30,0,1,1,1,0,0,0,0,0,0,1,N/A
58,0,0,0,7,0,0,0,0,1,1,1,N/A
73,0,0,1,6,0,0,0,0,1,1,1,N/A
64,0,0,0,6,0,0,0,0,1,0,1,N/A
25,0,1,1,3,0,0,0,0,0,0,1,N/A
33,0,0,0,6,0,0,0,0,0,0,1,N/A
18,0,0,1,0,0,0,1,0,0,0,1,N/A
53,0,0,0,8,0,0,0,0,1,1,1,N/A
57,0,0,1,5,0,0,0,0,1,0,1,N/A
60,0,0,0,4,0,0,0,0,0,1,1,N/A
40,0,0,1,4,1,0,0,0,1,1,1,n/a
47,0,0,1,5,0,0,0,0,1,1,1,n/a
24,0,1,1,0,1,1,1,1,0,0,1,Mortal Kombat
20,0,0,1,2,0,0,0,0,1,1,1,Minecraft
58,0,0,1,6,0,0,1,0,1,0,1,Mass Effect 3 Multiplayer
37,0,1,1,5,0,0,0,0,0,1,1,Marvel Future Fight
39,0,1,0,6,0,0,0,0,0,0,1,Mario kart wii
42,0,0,1,6,0,0,0,0,1,0,1,Mario kart
50,0,0,1,5,0,0,0,1,0,0,1,Insurgency Sandstorn
58,0,0,0,4,0,0,0,0,0,0,1,GTA
33,0,0,1,10,1,1,1,1,1,1,1,Grand Theft Auto
40,0,1,0,3,0,0,0,0,1,0,1,Gran turismo
47,0,0,1,11,1,0,0,0,1,1,1,Fortnite
21,0,0,1,0,0,0,0,0,0,0,1,Fortnite
48,0,0,1,3,0,0,0,0,1,0,1,Football Manager 2015
35,0,0,0,10,0,0,0,0,0,1,1,Fifa
51,0,0,1,5,0,0,0,0,0,0,1,Fifa
58,0,0,1,5,0,0,0,0,0,0,1,Elvenar
45,0,0,1,5,0,0,1,0,0,0,1,Elder Scrolls Online
34,0,1,1,2,0,1,0,0,1,0,1,Dream league soccer
42,0,0,0,1,0,0,0,0,1,0,1,Dirt Rally
22,0,0,1,1,0,1,0,0,0,0,1,Dark Souls
48,0,0,1,6,0,0,0,0,0,0,1,"Currently, Borderlands 2"
40,0,0,1,2,0,0,0,0,1,0,1,Crusader Kings 2
26,0,0,1,5,1,1,1,1,0,0,1,counter strike
59,0,0,1,4,0,0,0,0,1,0,1,Cookie Jam
49,0,0,1,6,0,0,0,0,0,0,1,Clash Royal
53,0,0,1,3,0,0,0,0,0,0,1,Clash of Clans
44,0,0,1,2,0,0,0,0,0,0,1,Clash of clans
64,0,0,0,4,0,0,0,0,1,0,1,Clash of clans
25,0,0,1,1,0,0,0,0,0,0,1,Civilization V
55,0,0,1,0,0,0,0,0,1,0,1,candy crush
46,0,0,1,9,1,0,1,0,1,1,1,Black & White
60,0,0,0,4,0,0,0,0,1,0,1,Bejeweled
31,0,0,1,3,0,0,0,0,0,0,1,Battlefield V
40,0,0,1,7,0,0,0,0,0,0,1,Battlefield 1
67,0,0,1,1,0,0,0,0,1,0,1,aveyond
18,0,0,1,0,1,0,0,0,0,0,1,Assassins creed odyssey
61,0,0,1,1,0,0,0,0,1,0,1,Assassins Creed
58,0,0,1,8,0,0,0,0,0,0,1,Angry Birds
71,0,0,0,7,0,0,0,0,1,0,1,'N/A'
45,1,0,0,5,0,0,0,0,0,0,1,Zelda Breath of the Wild
29,1,1,1,0,0,0,0,0,0,0,1,world of warcraft
58,1,0,0,7,0,0,0,0,1,0,1,wordscapes
40,1,0,0,2,0,0,0,0,1,0,1,Wii sports
49,1,0,1,4,0,0,0,0,1,0,1,Walking dead no mans land
71,1,0,1,2,0,0,0,0,1,0,1,Toon Blast
31,1,0,1,0,0,0,0,0,1,0,1,The Sims 4
18,1,0,1,0,0,0,0,0,0,0,1,The Sims
30,1,1,0,5,0,0,0,0,1,0,1,The Sims
28,1,0,0,1,0,0,0,0,1,0,1,The Sims
53,1,0,1,2,0,0,0,0,1,0,1,The Elder Scrolls Skyrim V
33,1,0,0,10,0,0,0,1,1,1,1,Tetris
26,1,1,1,11,1,0,1,1,1,1,1,Swordigo and Zelda
41,1,1,0,3,0,0,0,0,1,0,1,Subway Surf
21,1,1,0,1,0,0,0,0,1,1,1,Spider Solitare
30,1,0,0,4,0,0,1,0,1,0,1,Sims
27,1,0,0,9,0,0,0,0,1,0,1,Sims
47,1,0,1,6,0,0,0,0,0,0,1,runescape
26,1,0,1,9,0,0,1,0,0,0,1,overwatch
50,1,0,0,4,0,0,0,0,0,0,1,NA
62,1,0,0,7,0,0,0,0,1,1,1,NA
22,1,1,1,6,0,0,1,1,0,1,1,N/A
32,1,1,0,5,0,0,0,0,1,0,1,N/A
48,1,1,1,1,0,0,0,0,1,0,1,N/A
44,1,1,0,5,0,0,0,0,1,0,1,N/A
19,1,0,0,7,0,0,0,1,1,1,1,N/A
50,1,0,0,0,0,0,0,0,1,0,1,N/A
36,1,0,1,6,0,0,0,0,0,0,1,N/A
60,1,1,0,8,0,0,0,0,1,0,1,N/A
60,1,0,0,8,0,0,0,0,0,1,1,N/A
58,1,0,0,5,0,0,0,0,1,0,1,N/A
62,1,0,0,4,0,0,0,0,1,0,1,N/A
67,1,0,0,0,0,0,0,0,1,0,1,N/A
70,1,0,0,2,0,0,0,0,1,0,1,N/A
62,1,0,0,6,0,0,0,0,1,0,1,N/A
66,1,0,0,3,0,0,0,0,1,0,1,N/A
65,1,0,0,4,0,0,0,0,1,1,1,N/A
66,1,0,1,6,0,0,0,1,1,0,1,N/A
43,1,0,0,2,0,0,0,0,1,0,1,N/A
48,1,0,0,7,0,0,0,1,1,1,1,N/A
52,1,0,0,4,0,0,0,0,1,0,1,N/A
21,1,0,0,3,0,0,0,0,1,0,1,N/A
54,1,0,1,10,0,0,0,0,0,1,1,N/A
47,1,0,0,5,0,0,0,0,1,0,1,N/A
35,1,0,0,4,0,0,0,0,1,0,1,N/A
68,1,0,1,6,0,0,0,0,1,0,1,N/A
48,1,1,1,5,0,0,1,0,0,0,1,N/A
32,1,0,0,5,0,0,0,0,1,0,1,N/a
41,1,0,0,7,0,0,1,0,1,1,1,N/a
59,1,0,0,6,0,0,0,0,1,0,1,n/a
57,1,0,0,4,0,0,0,0,1,1,1,n/a
51,1,0,0,5,0,0,0,0,1,0,1,n/a
44,1,0,0,10,0,0,0,0,1,1,1,n/a
40,1,0,0,5,1,0,1,0,1,1,1,n/a
48,1,0,0,10,0,0,0,0,1,1,1,n/a
50,1,0,0,5,0,0,0,0,1,0,1,n/a
49,1,0,0,3,0,0,0,0,1,1,1,n/a
64,1,0,0,1,0,0,0,0,1,0,1,n/a
36,1,0,0,6,1,0,0,0,1,1,1,N.A
34,1,0,1,2,0,0,0,0,1,0,1,My hospital
20,1,0,1,4,1,0,1,0,1,1,1,Minecraft
22,1,1,1,2,0,0,0,0,1,0,1,Mindcraft
45,1,0,0,3,0,0,0,0,1,0,1,Mario Kart
48,1,0,1,9,0,0,1,0,1,1,1,Mario cart
37,1,0,1,6,0,0,0,0,1,0,1,Mario
60,1,0,1,6,0,0,0,0,0,0,1,Mah Jong
39,1,0,1,9,0,0,0,0,0,1,1,Jurassic World Alive
52,1,0,1,5,0,0,0,1,1,0,1,Homesense
62,1,0,1,2,0,0,0,0,1,0,1,Gummy drop
36,1,0,1,8,0,0,0,0,0,1,1,GTA
30,1,0,1,10,0,0,1,0,1,1,1,Grand Theft Auto
23,1,1,1,6,0,0,1,0,0,1,1,Fortnite
28,1,1,0,2,0,0,0,0,1,0,1,Final Fantasy 10
28,1,1,1,6,0,0,0,0,0,0,1,FIFA
27,1,0,0,6,0,0,1,0,1,1,1,Fifa
46,1,0,1,6,0,0,1,0,0,0,1,fifa
27,1,0,1,6,0,0,1,0,0,0,1,Farmville
58,1,0,1,6,0,0,0,0,1,0,1,Farm heros
43,1,0,0,8,0,0,0,0,1,0,1,Cooking madness
62,1,0,1,4,0,0,0,0,0,0,1,Clockmaker
25,1,0,0,0,0,0,0,0,1,0,1,Civilisation V
32,1,0,1,3,0,0,0,0,1,0,1,Civ VI
22,1,0,1,5,0,0,0,0,1,0,1,Candy Crush
48,1,0,1,0,0,0,0,0,1,0,1,Candy Crush
54,1,0,1,4,0,0,0,0,0,0,1,Candy Crush
22,1,0,0,6,0,0,0,0,1,1,1,Candy crush
43,1,0,1,6,0,0,0,0,1,0,1,Candy crush
43,1,0,1,5,0,0,0,0,1,0,1,Candy crush
55,1,0,0,5,0,0,0,0,1,0,1,candy crush
61,1,0,1,10,0,0,0,0,1,0,1,Call of Duty
27,1,0,1,11,0,1,1,1,1,1,1,Call of duty
70,1,0,1,3,0,0,0,0,1,0,1,Bubbleshooter
29,1,0,0,2,0,0,0,0,1,0,1,Bubble shooter
27,1,0,1,3,0,0,0,1,0,0,1,Apex Legends
42,1,0,0,0,0,0,0,0,1,0,1,Animal Crossing New Leaf
61,1,0,0,4,0,0,0,0,1,1,1,N/A
27,0,0,1,9,1,0,0,0,0,1,1,League of legends
31,0,0,1,6,0,0,0,0,0,0,1,Zelda: Breath of the Wild
22,0,0,1,2,0,0,0,0,0,0,1,Warframe
27,0,0,0,11,0,0,0,0,1,1,1,the sims
34,0,0,1,4,0,0,0,0,1,0,1,Super Mario Odissey
27,0,0,1,7,0,0,0,0,0,0,1,Street Fighter V
20,0,1,1,0,0,0,0,0,0,0,1,Skyrim
21,0,0,0,0,0,0,0,0,1,0,1,Skyrim
35,0,0,1,5,0,0,0,0,1,1,1,Skyrim
23,0,1,0,5,0,0,0,0,0,1,1,Pool
22,0,0,1,7,0,0,0,0,0,0,1,Pokemon Let's Go Pickachu
21,0,0,1,7,0,1,0,0,0,0,1,Pokemon Go
28,0,0,1,4,0,0,0,0,0,0,1,Path of exile
19,0,0,1,0,0,0,0,0,0,0,1,Overwatch
51,0,0,1,7,0,0,0,0,0,1,1,No Mans Sky
38,0,0,0,5,0,0,0,0,1,0,1,N/A
42,0,1,1,6,0,0,0,0,1,0,1,N/A
61,0,0,0,7,0,0,0,0,0,0,1,N/A
62,0,1,0,8,0,0,0,0,1,1,1,N/A
37,0,1,1,10,0,0,0,0,1,0,1,N/A
67,0,0,0,5,0,0,0,0,1,1,1,N/A
18,0,1,1,2,1,0,0,0,0,0,1,N/A
38,0,0,1,8,0,0,0,0,1,1,1,N/A
25,0,1,1,6,0,0,0,0,0,1,1,N/A
28,0,1,0,7,0,0,0,0,1,1,1,N/A
38,0,0,0,10,0,0,0,0,1,1,1,N/a
38,0,0,0,6,0,0,1,0,1,1,1,N/a
63,0,0,0,11,0,0,1,0,1,1,1,N/a
48,0,1,1,4,0,0,0,0,0,0,1,n/a
57,0,0,0,7,0,0,0,0,1,1,1,n/a
48,0,0,1,11,0,0,0,0,1,0,1,Mobile device
19,0,0,1,0,0,0,0,0,0,0,1,Mass effect 3
39,0,0,1,7,0,0,1,1,0,0,1,lords mobile
43,0,0,1,0,0,0,0,0,1,0,1,GTA
38,0,0,1,4,1,0,0,0,1,1,1,God of war and red dead redemption 2
49,0,0,1,4,0,0,1,0,0,0,1,Gardenscapes
47,0,0,1,1,0,0,0,0,1,0,1,Forza motorsport
34,0,0,1,7,0,0,0,0,1,1,1,Fortnite/Minecraft
28,0,0,1,7,0,0,0,0,0,1,1,Fortnite
45,0,0,1,8,0,0,0,0,1,1,1,Football Manger 2019
23,0,0,1,1,0,0,0,0,1,0,1,Final Fantasy series
36,0,0,1,6,0,0,0,0,0,0,1,Final Fantasy
56,0,0,1,9,0,0,0,0,0,1,1,Fifa 19
22,0,1,1,3,0,0,0,0,0,0,1,FIFA
37,0,1,1,7,1,0,1,0,1,1,1,FIFA
38,0,0,1,9,0,0,1,1,0,1,1,FIFA
46,0,0,1,9,0,0,0,0,1,1,1,Fifa
22,0,0,1,5,0,0,0,0,0,0,1,Enter the Gungeon
61,0,0,1,9,0,0,1,0,0,0,1,Empire WW3
27,0,0,1,4,0,1,0,0,0,0,1,Dota Underlords
34,0,0,1,0,0,0,0,0,0,0,1,Dota 2
23,0,0,0,0,0,0,0,0,1,0,1,Crusader King's 2
24,0,0,1,2,1,1,1,0,0,1,1,Counter-Strike: Global Offensive
21,0,0,1,5,1,0,1,0,0,0,1,Counter-Strike: Global Offensive
30,0,0,1,7,0,0,0,0,0,0,1,Civilization VI
57,0,0,1,1,0,0,0,0,1,0,1,Call of Duty
29,0,0,1,6,0,0,1,0,0,0,1,Brawl Stars - Mobile
44,0,0,1,5,0,0,0,0,0,0,1,BLACK OPS 4
30,0,0,1,6,0,0,0,0,0,0,1,Battlefield
18,0,0,0,5,1,0,1,0,0,0,1,Auto Chess
48,0,0,1,0,0,0,0,0,1,0,1,Assassins creed: Odyssey
51,0,0,1,6,0,0,0,0,0,1,1,Assassins Creed
60,0,0,1,7,0,0,0,0,1,0,1,Angry Birds
28,1,0,1,2,0,0,0,0,0,0,1,Vermintide 2
58,1,0,0,5,0,0,0,0,1,0,1,Township
44,1,1,1,10,0,0,0,0,1,0,1,Tomb Raider series
24,1,0,0,4,0,0,0,0,1,1,1,Tomb Raider
43,1,0,1,6,0,0,0,0,1,1,1,The Sims
24,1,0,1,3,0,0,0,1,1,0,1,The sims
19,1,0,0,3,0,0,0,0,1,0,1,stardew valley
34,1,0,1,1,0,0,0,0,1,0,1,Splatoon 2
22,1,0,1,3,0,0,0,0,0,0,1,Solitaire (pc)
30,1,0,1,0,0,0,0,0,1,0,1,Sims 4
51,1,0,1,6,0,0,0,0,1,1,1,resident evil
19,1,0,1,2,0,1,0,0,0,0,1,Piffle
38,1,0,1,3,0,0,0,0,0,0,1,Path of Exile
25,1,0,0,5,0,0,0,0,1,1,1,over cooked
42,1,0,0,5,0,0,0,0,1,0,1,N/A
37,1,0,0,1,0,0,0,0,1,0,1,N/A
64,1,0,0,1,0,0,0,0,0,0,1,N/A
64,1,0,1,7,0,0,0,0,1,0,1,N/A
59,1,0,1,3,0,0,0,0,1,0,1,N/A
43,1,0,0,9,0,0,0,0,0,0,1,N/A
68,1,0,1,4,0,0,0,0,1,0,1,N/A
58,1,0,0,7,0,0,0,0,0,1,1,N/a
61,1,0,1,3,0,0,0,0,1,0,1,My Time in Portia
36,1,0,0,5,0,0,0,0,1,1,1,Mobile
18,1,1,0,1,0,0,0,0,1,0,1,mobile
28,1,1,0,11,0,1,0,1,0,1,1,Mario
44,1,0,0,5,0,0,0,0,1,1,1,Mario
54,1,0,1,7,0,0,0,0,0,0,1,Klondike
58,1,0,1,7,0,0,1,0,1,0,1,Harvest solitaire
26,1,0,1,8,0,0,0,1,0,0,1,Gardenscapes
22,1,0,1,10,0,0,0,0,1,1,1,fortnight
23,1,0,1,0,0,0,0,0,0,0,1,Currently Monster Hunter
38,1,0,1,8,0,0,0,0,1,0,1,Crusader Kings 2
28,1,0,0,5,0,0,0,0,1,0,1,Crash Bandicoot
32,1,1,1,8,0,0,0,0,0,1,1,Cooking Craze
60,1,0,1,6,0,0,0,0,0,0,1,CANDY CRUSH
38,1,0,0,9,0,0,0,0,1,1,1,Candy Crush
52,1,0,0,0,0,0,0,0,1,0,1,Candy Crush
30,1,1,1,4,0,0,0,0,1,1,1,Candy Crush
21,1,1,0,1,0,0,0,0,1,1,1,candy crush
39,1,0,1,3,0,0,0,0,0,1,1,Bubble witch
28,1,0,1,4,0,0,0,0,0,0,1,animal crossing
59,0,0,1,2,0,0,0,0,0,0,1,war robots
33,0,0,1,7,0,0,0,0,0,0,1,Vermintide 2
22,0,0,1,7,0,0,1,0,0,1,1,Total War: Attila
38,0,0,0,9,1,1,1,1,1,1,1,Total war
55,0,1,1,4,0,0,0,0,1,0,1,Tom Clancys Splinter Cell
63,0,0,0,6,0,0,0,0,1,0,1,Ticket to ride
38,0,0,1,8,0,1,1,0,1,1,1,The long dark
18,0,1,1,1,0,0,0,0,1,0,1,Summoners War
32,0,0,1,10,0,0,0,0,0,0,1,Star Wars Battlefront 2
28,0,0,1,10,0,0,0,0,1,1,1,Skyrim
31,0,0,1,7,0,0,0,0,0,0,1,Skyrim
63,0,0,1,7,0,0,0,0,0,1,1,Rome Total War 2
53,0,0,1,5,0,0,0,0,0,1,1,retro games
26,0,0,1,3,0,0,0,0,0,0,1,"Rainbow Six Siege, Battlefield 5 and 4."
58,0,0,0,3,0,0,0,0,1,1,1,N/A
46,0,0,1,5,0,0,0,0,0,0,1,N/A
18,0,0,1,8,1,1,1,0,0,1,1,N/A
26,0,0,1,1,0,0,0,0,0,0,1,N/A
39,0,0,1,6,0,0,0,0,0,1,1,N/A
63,0,0,0,8,0,0,1,1,1,0,1,N/A
53,0,0,1,8,0,0,1,1,0,1,1,N/a
67,0,0,0,7,0,0,0,0,1,1,1,n/a
18,0,0,1,0,0,0,0,0,1,0,1,Minecraft
39,0,0,1,11,0,0,0,0,0,1,1,minecraft
25,0,0,1,6,0,0,0,0,0,1,1,League of Legends
28,0,0,1,4,0,0,0,0,0,0,1,Kerbal Space Program
35,0,1,0,3,1,0,0,0,1,1,1,International Cricket Captain
48,0,0,1,6,1,0,0,0,0,0,1,Gta5
58,0,0,1,6,0,0,0,0,1,0,1,Grand Theft Auto series
34,0,0,1,8,0,1,0,0,0,1,1,For Honour
33,0,0,1,10,0,0,0,0,0,1,1,Football Manager
41,0,1,1,8,0,0,0,0,0,1,1,FIFA19
57,0,0,1,7,0,0,0,0,1,1,1,fifa
32,0,0,1,5,1,0,0,0,0,1,1,csgo
51,0,1,1,4,0,0,0,0,1,0,1,crosswords and spider
18,0,0,1,2,0,0,0,0,1,0,1,Civ
61,0,0,0,7,0,0,0,0,0,1,1,Call of Duty
38,0,0,1,6,0,0,0,0,0,0,1,call of duty
41,0,0,1,4,0,0,0,0,0,0,1,Borderlands
24,0,0,1,4,0,0,0,0,0,0,1,Beat Saber
27,0,0,1,7,0,0,0,0,0,1,1,Apex Legends
31,0,0,0,8,0,0,0,1,0,1,1,'N/A'
32,1,0,0,1,0,0,0,0,1,0,1,The Sims 4
31,1,1,0,0,0,0,0,0,0,0,1,tablet
39,1,0,1,0,0,0,0,0,1,0,1,Solitaire
29,1,1,1,1,0,0,0,0,1,0,1,"Snooker, Puzzle games, card games"
21,1,0,0,0,0,0,0,0,1,0,1,Sims 4
42,1,0,0,5,0,0,0,0,1,0,1,Rummikub or Ticket to Ride
30,1,0,1,10,1,0,1,0,1,1,1,Rollercoaster tycoon
21,1,0,0,0,0,0,0,0,1,0,1,Professor Layton
42,1,0,1,3,0,0,0,0,0,0,1,plants vs zombies
58,1,0,1,5,0,0,0,0,1,0,1,Panda Pop
40,1,0,0,6,0,0,0,0,0,0,1,NA
22,1,1,0,2,0,0,0,0,1,1,1,N/A
30,1,0,0,4,0,0,0,0,1,1,1,N/A
20,1,1,1,8,0,1,1,0,0,1,1,N/A
28,1,0,0,6,0,0,0,0,1,0,1,N/A
58,1,0,1,3,0,0,0,0,1,0,1,N/A
24,1,0,1,0,0,1,0,0,0,0,1,N/A
65,1,0,1,8,0,0,0,0,1,0,1,N/A
50,1,0,0,2,0,0,0,0,0,0,1,n/a
50,1,1,0,5,0,0,0,0,1,1,1,n/a
19,1,0,1,5,0,0,0,0,0,0,1,Minecraft
38,1,0,1,6,0,0,0,0,0,1,1,minecraft
44,1,0,1,9,1,0,1,1,0,1,1,lara croft
44,1,0,1,0,0,0,0,0,1,0,1,Harry Potter:Wizards Unite
30,1,0,1,5,0,0,0,0,0,1,1,Guild Wars 2
31,1,0,1,7,0,0,0,0,0,0,1,Ghost warrior
45,1,0,1,10,1,0,1,0,1,1,1,fortnite
26,1,1,1,1,0,0,0,0,0,0,1,Final Fantasy XV
46,1,0,0,5,0,0,0,0,1,0,1,Candy Mania
25,1,0,1,5,0,0,0,1,0,1,1,Battlefield 1
22,0,1,1,3,0,0,1,0,0,1,1,WoW
34,0,0,1,5,0,0,1,0,0,1,1,World of Warcraft
26,0,0,1,3,0,0,0,0,0,0,1,Witcher 3
22,0,0,1,1,0,0,0,0,0,1,1,TF2
34,0,1,1,11,0,0,0,0,0,1,1,star wars
21,0,1,1,5,0,0,0,0,0,0,1,Rocket League
24,0,0,1,8,1,1,1,1,0,1,1,Rocket League
18,0,0,1,1,0,0,0,0,0,0,1,Rainbow Six Siege
25,0,0,1,0,0,0,0,0,0,1,1,Rainbow Six Siege
18,0,0,1,5,0,0,1,0,0,0,1,Payday 2
19,0,0,0,2,0,1,1,1,1,0,1,NA
32,0,0,1,2,0,0,0,0,0,0,1,N/A
62,0,0,0,7,0,0,0,0,1,0,1,N/A
41,0,1,1,6,0,0,0,0,0,0,1,N/A
49,0,0,1,5,0,0,1,0,1,1,1,N/A
43,0,0,1,3,0,0,0,0,0,1,1,N/A
32,0,0,1,3,0,0,0,0,1,0,1,N/A
27,0,0,1,3,0,0,0,0,1,0,1,N/A
40,0,0,0,7,0,0,0,1,1,0,1,N/A
21,0,1,1,0,0,0,0,0,1,0,1,Monster Hunter World
28,0,0,1,5,1,0,0,0,0,0,1,League of legends
20,0,0,1,2,0,0,0,0,1,1,1,Hearts of Iron 4
60,0,0,1,10,0,0,1,0,0,0,1,Gems of War
35,0,1,1,6,0,0,1,0,1,1,1,Final Fantasy XV
26,0,0,1,4,0,0,0,0,0,0,1,Final Fantasy XIV
20,0,0,1,4,0,0,1,0,0,1,1,FIFA
20,0,0,1,8,0,0,1,1,0,1,1,Fifa
21,0,1,1,4,1,1,0,0,0,0,1,DOTA2
21,0,0,1,1,0,0,0,0,0,0,1,Destiny 2 on PC
18,0,0,1,3,0,0,0,0,0,0,1,Destiny 2
27,0,1,1,4,0,0,0,1,0,0,1,Crusader Kings 2
23,0,0,1,7,0,0,0,0,0,0,1,Classic World of Warcraft
34,0,1,1,8,0,1,0,1,1,1,1,Clash of clans
30,0,1,1,11,0,0,0,0,0,1,1,call of duty
26,0,0,1,3,0,0,0,0,0,0,1,Apex Legends
56,1,0,1,5,0,0,0,0,0,0,1,World of warcraft
19,1,0,0,2,0,0,0,1,1,0,1,SUPER MARIO BROS
25,1,0,1,3,0,1,0,0,0,0,1,Splatoon 2
23,1,0,1,2,0,0,0,0,0,0,1,SIMS 4
18,1,0,1,2,0,0,0,0,1,0,1,Sims 4
22,1,0,1,4,0,0,0,0,1,1,1,Red dead redemption
23,1,0,1,5,0,0,0,0,1,0,1,Pokemon Go
28,1,0,1,4,0,0,0,0,1,0,1,PlanetSide 2
26,1,0,1,2,0,0,0,0,1,0,1,N/A
24,1,0,1,5,0,0,0,0,0,1,1,"My Time at Portia, The Long Dark and Overwatch"
28,1,0,0,7,1,0,0,0,1,0,1,Mobile device
19,1,0,1,2,0,0,0,0,1,0,1,Minecraft
42,1,0,1,6,0,0,0,0,0,1,1,Harvest moon
26,1,0,1,8,1,1,1,1,0,1,1,Fortnite
73,1,0,0,11,0,0,0,0,1,1,1,Candy Crush
35,1,1,1,2,0,0,0,0,1,0,1,brain training
31,0,0,1,8,1,1,1,0,0,1,1,World of Warcraft and Battlefield 5
29,0,1,1,9,1,0,0,1,0,1,1,World of Warcraft
45,0,0,1,8,0,0,0,1,0,0,1,World of Warcraft
20,0,0,1,1,0,0,0,0,0,0,1,Team Fortress 2
28,0,0,1,5,0,0,0,0,1,0,1,Spiderman PS4
30,0,0,1,2,0,0,0,0,0,0,1,Rocket League
38,0,0,1,10,0,0,0,0,0,0,1,Rocket League
37,0,1,1,4,0,0,0,0,0,1,1,Red dead redemption 2
18,0,0,1,5,0,0,0,0,0,1,1,Red Dead Redemption
59,0,0,1,5,0,0,0,0,0,0,1,Pubg
34,0,0,1,1,0,0,1,0,0,1,1,Nioh
19,0,1,1,0,0,0,0,0,0,1,1,N/A
35,0,0,1,5,0,1,0,0,0,0,1,N/A
42,0,0,1,2,0,1,0,0,0,0,1,n/a
32,0,0,1,11,1,0,1,1,1,1,1,Mortal Kombat
25,0,0,1,6,1,0,1,0,0,1,1,League of Legends
65,0,0,1,9,0,0,0,0,0,1,1,Fortnite
50,0,0,1,8,0,0,0,0,1,1,1,Fifa18
33,0,0,1,7,0,0,1,0,0,0,1,Crusaider Kings 2
27,0,0,1,8,0,1,1,0,0,1,1,Cossacks 3
50,0,1,1,6,0,0,0,0,1,0,1,Command and Conquer - Generals and Zero Hour
50,0,0,1,7,0,0,0,0,1,1,1,Black Desert Online
23,0,1,1,7,0,0,1,0,0,1,1,Audition Dance Battle
29,0,1,1,11,1,1,0,1,0,1,1,asphalt
18,1,0,1,0,0,0,0,0,1,0,1,Sims
28,1,0,1,7,0,1,1,0,0,1,1,Silent hill
32,1,0,1,7,0,0,0,0,0,0,1,Resident Evil
42,1,1,1,6,0,0,0,0,1,0,1,N/A
18,1,1,0,5,0,0,0,0,1,0,1,N/A
31,1,0,1,11,1,0,0,0,1,1,1,n/a
18,1,0,1,7,0,0,1,0,0,1,1,n/a
59,1,0,1,9,1,1,0,0,1,1,1,n.a
45,1,0,1,6,0,0,1,0,1,1,1,mario brothers
18,1,1,1,4,0,0,0,0,0,0,1,League of Legends
71,1,0,1,3,0,0,0,0,1,0,1,June’s Journey
27,1,0,0,1,0,0,0,0,1,0,1,Gardenscapes
51,1,0,1,6,0,0,0,0,1,0,1,Frozen
61,1,0,1,8,0,1,1,1,0,1,1,Fortnight
26,1,0,1,6,0,0,0,0,0,0,1,Fallout 4
68,1,0,1,2,0,0,0,0,1,0,1,Fallout 4
48,1,0,1,4,0,0,0,0,0,0,1,entropia universe
40,1,0,0,6,0,0,0,0,1,0,1,Drag ‘n’ merge
65,1,0,1,7,0,0,1,0,0,1,1,cards
57,1,0,1,10,0,0,0,0,1,1,1,Candy crush
38,0,1,1,11,1,1,1,1,0,1,1,Avenger
46,0,0,1,7,0,0,0,0,0,0,1,Farcry 5
35,0,0,1,11,1,1,1,1,0,1,1,World Of Warcraft
34,0,0,1,8,0,1,1,1,0,0,1,Tekken 7
32,0,0,1,8,0,0,1,0,0,1,1,Rocket league
43,0,0,1,6,0,0,0,0,1,1,1,N/A
31,0,0,1,1,0,0,0,0,0,0,1,N/A
50,0,0,1,3,0,0,0,0,0,0,1,Monster Hunter Generations Ultimate
40,0,0,1,11,1,1,1,1,0,1,1,MARVEL Contest of Champion
33,0,0,1,9,1,1,1,1,1,1,1,Grand theft auto
21,0,1,1,10,0,0,1,0,0,1,1,Fortnite
19,0,0,1,2,0,1,0,0,0,1,1,Dota 2
25,0,1,1,9,0,0,0,0,0,0,1,Counter Strike
21,1,0,1,5,0,0,0,0,0,1,1,the sims
21,1,0,1,2,1,1,0,0,0,1,1,Overwatch
49,1,0,1,9,0,0,1,0,1,1,1,N/A
65,1,0,1,10,0,0,0,0,0,1,1,DONKEY KONG
62,1,0,1,1,0,0,0,0,0,0,1,cookie ham
39,1,0,1,4,0,1,0,0,0,0,1,Battle for polytopia
42,0,0,1,2,0,0,0,0,0,1,1,world of warcraft
63,0,0,1,7,0,0,0,0,0,0,1,Warlords of aturnum
31,0,1,1,10,0,1,1,1,0,1,1,starcraft 2
39,0,1,1,4,0,0,0,0,1,1,1,PS4
23,0,1,1,1,1,0,0,1,0,1,1,Path of Exile
50,0,0,0,2,0,0,0,0,0,1,1,Medal Of honour
18,0,0,1,6,0,1,0,0,0,1,1,Grand theft auto 5
36,0,0,1,10,0,0,1,1,0,1,1,Fallout 76
30,0,0,1,0,0,1,0,1,0,0,1,"Doom, Rainbow 6 siege, Final Fantasy 7"
40,0,0,1,11,0,0,0,1,0,1,1,call of duty black ops 4
47,0,0,1,11,1,0,1,1,0,1,1,Borderlands
27,1,0,1,7,0,0,1,1,1,1,1,the sims 4
39,1,0,1,7,0,0,1,0,0,1,1,Skyrim
61,1,0,1,11,1,0,0,0,1,1,1,N)A
47,1,0,1,9,0,1,0,1,1,1,1,Klondike
21,0,0,1,3,0,0,1,0,0,0,1,Overwatch
23,0,0,1,10,1,1,1,1,0,1,1,N/A
21,0,1,1,2,0,1,0,0,0,1,1,league of legends
41,1,1,1,11,0,1,1,0,1,1,1,N/A
45,1,0,1,7,0,0,0,0,1,1,1,Dragons merge
40,1,0,1,5,0,0,0,0,0,0,1,civilization 6
33,0,1,1,1,0,0,0,0,0,0,1,Rocket League
28,0,0,1,8,0,0,0,1,1,1,1,read dead
21,0,0,1,11,1,1,1,1,0,1,1,Overwatch
30,0,0,1,8,0,0,0,0,0,1,1,Fifa
33,0,0,1,7,1,0,0,0,0,0,1,fallout 76
22,0,0,1,8,0,0,0,0,0,1,1,Battlefield.
52,0,0,1,7,0,0,0,0,1,1,1,Space invaders
34,0,1,1,11,1,1,1,1,0,1,1,Pokenon
21,0,0,1,7,1,0,0,0,0,1,1,League of Legends
40,1,0,1,9,1,0,0,0,1,1,1,Cooking Fever
