id,state,county,city,value,zcta,lat,lon,pov,CMAQ,zcta_pop
1003.001,Alabama,Baldwin,Fairhope,9.597647059,36532,30.498001,-87.881412,6.1,8.098836034,27829
1027.0001,Alabama,Clay,Ashland,10.8,36251,33.281261,-85.802182,19.5,9.76620814,5103
1033.1002,Alabama,Colbert,Muscle Shoals,11.21217391,35660,34.758781,-87.650562,19,9.402678817,9042
1049.1003,Alabama,DeKalb,Crossville,11.65909091,35962,34.287627,-85.968298,13.8,8.534772474,8300
1055.001,Alabama,Etowah,Gadsden,12.37539432,35901,33.993749,-85.991072,8.8,9.241743625,20045
1069.0003,Alabama,Houston,Dothan,10.50884956,36303,31.226359,-85.390768,15.6,9.121892443,30217
1073.0023,Alabama,Jefferson,Birmingham,15.59101655,35207,33.553056,-86.815,25.5,10.23561168,9010
1073.1005,Alabama,Jefferson,Not in a city,12.39935484,35111,33.331111,-87.003611,7.3,10.23561168,16140
1073.1009,Alabama,Jefferson,Not in a city,11.1037037,35444,33.459722,-87.305556,8.1,8.161788618,3699
1073.101,Alabama,Jefferson,Leeds,13.11454545,35094,33.545278,-86.549167,10.5,9.303765525,14212
1073.2003,Alabama,Jefferson,Birmingham,14.5502381,35064,33.499722,-86.924167,18.1,10.23561168,11458
1073.2006,Alabama,Jefferson,Hoover,12.228125,35244,33.386389,-86.816667,2.1,10.23561168,32390
1073.5002,Alabama,Jefferson,Pinson,11.95194805,35126,33.704722,-86.669167,5.1,9.303765525,21725
1073.5003,Alabama,Jefferson,Not in a city,11.775,35180,33.801667,-86.9425,13.3,8.816101285,13794
1089.0014,Alabama,Madison,Huntsville,12.23294118,35802,34.68767,-86.58637,5.2,9.343610807,21297
1097.0003,Alabama,Mobile,Chickasaw,10.03211009,36611,30.769941,-88.087526,23.2,8.654895078,6106
1097.2005,Alabama,Mobile,Theodore,9.565934066,36582,30.474674,-88.14114,18.4,9.495926357,24624
1101.0007,Alabama,Montgomery,Montgomery,11.99786667,36110,32.425833,-86.285278,23,10.21943258,12997
1103.0011,Alabama,Morgan,Decatur,11.37372881,35603,34.518735,-86.976939,8.3,8.821747755,30545
1113.0001,Alabama,Russell,Phenix City,13.16314554,31901,32.4722,-85.0051,37.7,9.774143543,8638
1117.0006,Alabama,Shelby,Pelham,11.56271186,35124,33.312927,-86.821104,2.7,10.23561168,23020
1121.0002,Alabama,Talladega,Childersburg,12.1953271,35044,33.279747,-86.349438,18.8,10.25765171,7713
1125.0004,Alabama,Tuscaloosa,Tuscaloosa,11.42058824,35404,33.18935,-87.484217,15.5,8.52887043,21251
1127.0002,Alabama,Walker,Jasper,11.70583333,35501,33.832778,-87.2725,19.3,8.140101397,10424
4001.1235,Arizona,Apache,Fort Defiance,3.023809524,86540,35.881974,-109.434003,44.8,4.523397768,1088
4003.1005,Arizona,Cochise,Douglas,6.911111111,85626,31.3492,-109.539683,15.6,5.266898447,1021
4005.1008,Arizona,Coconino,Flagstaff,5.928813559,86011,35.206111,-111.652777,64.3,5.10844222,6362
4013.0019,Arizona,Maricopa,Phoenix,10.49261745,85019,33.48385,-112.14257,29.5,12.21353043,25042
4013.1003,Arizona,Maricopa,Mesa,8.446086957,85202,33.41045,-111.86507,13.4,14.09545857,37275
4013.4003,Arizona,Maricopa,Phoenix,10.88362069,85041,33.40316,-112.07533,21.4,11.4769073,54947
4013.702,Arizona,Maricopa,Scottsdale,7.190909091,85256,33.488242,-111.855654,19.4,14.09545857,4974
4013.9997,Arizona,Maricopa,Phoenix,8.846086957,85015,33.503833,-112.095767,33.6,12.21353043,37644
4015.1,Arizona,Mohave,Peach Springs,5.528205128,86411,35.540017,-113.410782,35.9,5.798752865,224
4019.0011,Arizona,Pima,Tucson,5.700862069,85741,32.322661,-111.038389,7.6,9.110332942,32998
4019.1028,Arizona,Pima,Tucson,5.363559322,85704,32.29515,-110.9823,26.4,9.50234623,30929
4021.0001,Arizona,Pinal,Casa Grande,10.57213115,85122,32.877583,-111.752222,14.2,11.51284082,50942
4021.3002,Arizona,Pinal,Apache Junction,7.465178571,85119,33.421194,-111.503222,7.1,11.3055527,21219
4021.3013,Arizona,Pinal,Maricopa,19.45789474,85138,33.01053,-111.97205,3.3,11.51284082,33633
4023.0004,Arizona,Santa Cruz,Nogales,14.11382114,85621,31.337204,-110.936718,28.6,6.093248214,23054
4025.2002,Arizona,Yavapai,Prescott Valley,5.827586207,86314,34.595,-112.331,13.9,6.71369956,34401
4027.0004,Arizona,Yuma,Yuma,9.928333333,85364,32.677001,-114.648905,18.8,23.13149069,74904
5001.0011,Arkansas,Arkansas,Stuttgart,11.24970414,72160,34.518515,-91.55896,15.3,10.74727538,10736
5003.0005,Arkansas,Ashley,Crossett,10.74453782,71635,33.136862,-91.950377,13.1,9.531806922,12348
5035.0005,Arkansas,Crittenden,Marion,11.7147541,72364,35.197288,-90.193141,9.9,11.29919079,15831
5045.0002,Arkansas,Faulkner,Conway,11.64506173,72035,35.105193,-92.427859,20.025,9.001802236,1083
5051.0003,Arkansas,Garland,Hot Springs (Hot Springs National Park),11.15309735,71901,34.469441,-93.000178,16.6,8.157881919,29491
5067.0001,Arkansas,Jackson,Newport,11.18688525,72112,35.637292,-91.188914,23.4,13.11163427,11467
5107.0001,Arkansas,Phillips,Helena,11.05897436,72342,34.529766,-90.586049,32.9,10.49119401,5532
5113.0002,Arkansas,Polk,Mena,10.52773109,71953,34.583699,-94.226234,13.1,7.925081246,14882
5115.0003,Arkansas,Pope,Russellville,11.25932203,72801,35.259775,-93.10005,23.6,8.72857441,18685
5119.0007,Arkansas,Pulaski,North Little Rock,11.5736715,72114,34.756189,-92.281296,0,9.915561832,12658
5119.1004,Arkansas,Pulaski,Little Rock,12.11916667,72202,34.729603,-92.243587,23.7,9.915561832,9978
5119.1008,Arkansas,Pulaski,Little Rock,12.09854227,72209,34.681343,-92.328697,23.7,9.915561832,32376
5131.0008,Arkansas,Sebastian,Fort Smith,11.1147929,72901,35.389672,-94.424288,23.7,7.800026366,21591
5139.0006,Arkansas,Union,El Dorado,10.9952381,71730,33.220274,-92.669619,22,7.703593923,32213
5143.0005,Arkansas,Washington,Springdale,10.68508772,72764,36.1797,-94.116827,21,8.270712276,50230
5145.0001,Arkansas,White,Searcy,9.95,72149,35.24894,-91.715596,14.125,9.300214121,0
6001.0007,California,Alameda,Livermore,11.61006711,94551,37.687526,-121.784217,5.2,11.41442872,36867
6001.0009,California,Alameda,Oakland,9.539583333,94603,37.743065,-122.169935,22.5,13.90087017,31403
6001.1001,California,Alameda,Fremont,9.542857143,94538,37.535833,-121.961823,3.6,11.41442872,61148
6007.0002,California,Butte,Not in a city,20.45757576,95926,39.757371,-121.843286,15.7,5.364694578,37725
6009.0001,California,Calaveras,San Andreas,10.1640625,95249,38.201852,-120.681567,10.1,7.442023938,4042
6011.1002,California,Colusa,Colusa,11.93728814,95932,39.202935,-122.017728,8.6,5.134311455,7718
6013.0002,California,Contra Costa,Concord,9.73877551,94518,37.936013,-122.026154,8.5,13.90087017,26778
6019.0008,California,Fresno,Fresno,18.67700893,93726,36.781333,-119.77319,31.3,6.460891351,40705
6019.5001,California,Fresno,Clovis,22.25912304,93612,36.819111,-119.717356,15.5,6.460891351,35351
6019.5025,California,Fresno,Fresno,17.46111111,93727,36.72639,-119.733,36.9,6.460891351,71820
6023.1002,California,Humboldt,Eureka,7.6,95501,40.80178,-124.1621,10.9,3.263085081,23976
6023.1004,California,Humboldt,Eureka,8.217241379,95501,40.776944,-124.1775,12.6,3.263085081,23976
6025.0005,California,Imperial,Calexico,10.15108696,92231,32.676186,-115.484144,15.8,14.85092715,39073
6025.0007,California,Imperial,Brawley,8.233913043,92227,32.97833,-115.53917,24,11.62284991,26234
6025.1003,California,Imperial,El Centro,8.082407407,92243,32.79222,-115.56306,22.3,14.85092715,48030
6027.1003,California,Inyo,Keeler,6.695945946,93530,36.487823,-117.871036,0,3.513012038,47
6029.001,California,Kern,Bakersfield,21.2012987,93301,35.385574,-119.015009,31.4,5.747608859,12248
6029.0011,California,Kern,Mojave,6.647272727,93501,35.050551,-118.147294,36.8,5.603726797,5467
6029.0014,California,Kern,Bakersfield,21.50379404,93304,35.356092,-119.041209,22.1,5.747608859,48731
6029.0015,California,Kern,Ridgecrest,7.086206897,93555,35.62109,-117.67296,8.7,4.92293492,32560
6029.0016,California,Kern,Bakersfield,23.16078431,93304,35.322928,-118.999167,22.1,5.747608859,48731
6031.0004,California,Kings,Corcoran,17.12689075,93212,36.10218,-119.566954,22.7,6.194698115,26079
6033.3001,California,Lake,Lakeport,9.03015873,95453,39.0327,-122.92229,9.8,3.106960152,11256
6037.0002,California,Los Angeles,Azusa,14.21339564,91702,34.1365,-117.92391,5.7,12.82800248,59705
6037.1002,California,Los Angeles,Burbank,13.92966102,91502,34.17605,-118.31712,10.3,9.270752356,11371
6037.1103,California,Los Angeles,Los Angeles,16.11581769,90012,34.06659,-118.22688,33.7,9.951742847,31103
6037.1201,California,Los Angeles,Reseda,11.76814159,91335,34.19925,-118.53276,12.8,9.270752356,74363
6037.1301,California,Los Angeles,Lynwood,14.38673469,90262,33.92899,-118.21071,19.7,9.951742847,69745
6037.1602,California,Los Angeles,Pico Rivera,15.00438596,90660,34.01194,-118.06995,10.5,12.82800248,62928
6037.2005,California,Los Angeles,Pasadena,12.84067797,91106,34.1326,-118.1272,8.5,9.689227582,24229
6037.4002,California,Los Angeles,Long Beach,14.19566474,90807,33.82376,-118.18921,5.4,9.951742847,31481
6037.4004,California,Los Angeles,Long Beach,13.70916905,90806,33.79236,-118.17533,6.9,6.967713276,42399
6037.9033,California,Los Angeles,Lancaster,7.12,93534,34.671394,-118.131456,21.8,7.90834744,39341
6045.0006,California,Mendocino,Ukiah,8.206349206,95482,39.15047,-123.20655,14.1,2.907634071,31808
6047.251,California,Merced,Merced,16.69487179,95348,37.308537,-120.480993,14.4,6.814392226,30805
6053.1003,California,Monterey,Salinas,7.166197183,93906,36.69676,-121.637182,12.7,5.302319839,59461
6057.0005,California,Nevada,Grass Valley,14.3,95945,39.234331,-121.056591,11.3,6.999230163,25199
6057.1001,California,Nevada,Truckee,11.94216216,96161,39.338504,-120.171291,7,4.283312787,18451
6059.0007,California,Orange,Anaheim,12.76578947,92804,33.83062,-117.93845,13.3,9.799704275,85914
6059.2022,California,Orange,Mission Viejo,10.3675,92630,33.63003,-117.67593,4.4,9.799704275,59182
6061.0006,California,Placer,Roseville,11.19206349,95678,38.745726,-121.266312,5.9,8.814367987,41192
6063.1006,California,Plumas,Quincy,15.28135593,95971,39.937099,-120.938821,14.8,4.344805448,5970
6063.1009,California,Plumas,Portola,14.17017544,96122,39.808333,-120.471667,7.1,3.696869507,3883
6065.1003,California,Riverside,Riverside,13.28974359,92506,33.94603,-117.40063,6.7,11.40408527,44001
6065.2002,California,Riverside,Indio,8.254878049,92201,33.70853,-116.21537,20,8.211318548,61827
6065.5001,California,Riverside,Palm Springs,6.984545455,92262,33.85275,-116.54101,10.3,7.719797126,26179
6065.8001,California,Riverside,Rubidoux,16.43629442,92509,33.99958,-117.41601,13.1,12.75330821,75196
6065.8005,California,Riverside,Mira Loma,18.16116505,92509,33.995638,-117.493304,6.1,12.75330821,75196
6067.0006,California,Sacramento,Arden-Arcade,14.61779141,95821,38.613779,-121.368014,14,9.393725286,33550
6067.001,California,Sacramento,Sacramento,12.01666667,95818,38.558228,-121.492981,12.2,9.393725286,19811
6067.4001,California,Sacramento,Sacramento,13.28145161,95817,38.556326,-121.458499,21,9.393725286,13534
6069.0002,California,San Benito,Hollister,6.936666667,95045,36.844096,-121.362121,9.4,6.855167243,4046
6071.0025,California,San Bernardino,Ontario,15.81504425,91763,34.037222,-117.69,12.2,12.75330821,36375
6071.0306,California,San Bernardino,Victorville,8.644859813,92395,34.510014,-117.331433,20.9,9.821146634,42400
6071.2002,California,San Bernardino,Fontana,15.20625,92335,34.10002,-117.49201,19.7,12.75330821,95397
6071.8001,California,San Bernardino,Big Bear City,9.224137931,92314,34.264444,-116.864444,11.6,7.074141258,10162
6071.9004,California,San Bernardino,San Bernardino,13.34684685,92408,34.10688,-117.27411,41.6,10.48825836,15271
6073.0001,California,San Diego,Chula Vista,12.30512821,91911,32.631231,-117.059075,10,7.145248159,82999
6073.0003,California,San Diego,El Cajon,13.36607143,92019,32.791194,-116.942092,18.2,10.63010269,42598
6073.0006,California,San Diego,San Diego,11.3049505,92123,32.836461,-117.128752,6.8,9.679733865,26823
6073.1002,California,San Diego,Escondido,17.46180648,92025,33.127711,-117.075325,18.1,9.409954046,49978
6073.101,California,San Diego,San Diego,13.7428125,92113,32.701492,-117.149653,12.125,9.679733865,56066
6073.1011,California,San Diego,Boulevard,3.467741935,91905,32.725226,-116.365203,0,7.729721496,1700
6075.0005,California,San Francisco,San Francisco,9.987,94107,37.765946,-122.399044,7.5,9.230953731,26599
6077.1002,California,San Joaquin,Stockton,15.62903226,95205,37.950741,-121.268523,31.8,10.83838742,38069
6079.2006,California,San Luis Obispo,San Luis Obispo,7.609090909,93401,35.256577,-120.669861,7.95,4.056169985,28033
6079.8001,California,San Luis Obispo,Atascadero,8.006306306,93422,35.49158,-120.66804,6.5,4.045829058,31375
6081.1001,California,San Mateo,Redwood City,9.497826087,94063,37.482934,-122.20337,15.7,5.795291945,30949
6083.0011,California,Santa Barbara,Santa Barbara,10.36779661,93103,34.427775,-119.691218,6.9,4.621209208,20249
6083.1008,California,Santa Barbara,Santa Maria,7.874545455,93458,34.949147,-120.43763,18.4,4.226113797,55431
6085.0002,California,Santa Clara,Gilroy,8.63553719,95020,36.999571,-121.574684,7.6,6.517516545,57349
6085.0005,California,Santa Clara,San Jose,12.26558704,95112,37.348497,-121.894898,15.9,7.773002511,55927
6087.0007,California,Santa Cruz,Live Oak,6.767213115,95062,36.983921,-121.989328,5.4,5.061994729,36079
6089.0004,California,Shasta,Redding,15.2609375,96001,40.549985,-122.382011,15.3,3.429817599,33865
6089.3005,California,Shasta,Shasta Lake,10.83589744,96019,40.69184,-122.40179,10.5,3.95248466,10082
6095.0004,California,Solano,Vallejo,10.8395122,94590,38.102507,-122.237976,18.8,10.71285712,35420
6097.0003,California,Sonoma,Santa Rosa,9.078494624,95401,38.443503,-122.710169,5.8,5.929802866,36981
6099.0005,California,Stanislaus,Modesto,17.17716535,95354,37.641583,-120.994622,29,8.64579683,25394
6101.0003,California,Sutter,Yuba City,12.96979472,95991,39.138773,-121.618549,7.1,7.02573322,40593
6107.2002,California,Tulare,Visalia,20.6480916,93292,36.332179,-119.291228,11.3,6.584716444,39032
6111.0007,California,Ventura,Thousand Oaks,10.3647541,91360,34.210154,-118.870496,4.7,6.898123855,42402
6111.0009,California,Ventura,Piru,9.693220339,93040,34.404268,-118.809946,17,5.451476481,2031
6111.2002,California,Ventura,Simi Valley,10.68319328,93063,34.276362,-118.683757,4.4,6.898123855,54366
6111.3001,California,Ventura,Not in a city,10.0210084,93036,34.252378,-119.143176,4.2,5.675212674,41691
6113.1003,California,Yolo,Woodland,10.64333333,95776,38.66121,-121.73269,9.6,6.746774479,21902
8001.0006,Colorado,Adams,Commerce City,9.056906077,80022,39.826007,-104.937438,0,5.085549964,42699
8005.0005,Colorado,Arapahoe,Littleton,7.184745763,80120,39.604399,-105.019526,8.2,4.573256592,28435
8013.0003,Colorado,Boulder,Longmont,7.688034188,80501,40.164576,-105.100856,14.8,4.426824419,39521
8013.0012,Colorado,Boulder,Boulder,6.486065574,80310,40.021097,-105.263382,5.766666667,5.085549964,6578
8031.0002,Colorado,Denver,Denver,7.989311164,80294,39.751184,-104.987625,7.9,5.085549964,0
8031.0023,Colorado,Denver,Denver,8.21875,80216,39.781083,-104.95665,32,5.085549964,10924
8031.0025,Colorado,Denver,Denver,8.0775,80223,39.704005,-104.998113,17.6,4.573256592,17987
8035.0004,Colorado,Douglas,Roxborough Park,5.809917355,80128,39.534488,-105.070358,3.4,4.573256592,34988
8039.0001,Colorado,Elbert,Not in a city,4.318333333,80106,39.231384,-104.63477,4.2,4.932026951,4232
8041.0017,Colorado,El Paso,Colorado Springs,6.173469388,80905,38.848014,-104.828564,16.5,3.902921871,16254
8069.0009,Colorado,Larimer,Fort Collins,6.679166667,80521,40.571288,-105.079693,9.5,3.848796147,33409
8077.0017,Colorado,Mesa,Grand Junction,9.112711864,81501,39.063798,-108.561173,14.4,3.835827575,23465
8101.0012,Colorado,Pueblo,Pueblo,7.335779817,81003,38.263058,-104.612133,24.7,5.200836641,14939
8123.0006,Colorado,Weld,Greeley,7.666956522,80634,40.414877,-104.70693,14.8,5.123931396,52861
8123.0008,Colorado,Weld,Platteville,8.23362069,80651,40.209387,-104.82405,6.5,5.706081519,4176
9001.001,Connecticut,Fairfield,Bridgeport,11.92110092,6604,41.170833,-73.194722,22.1,7.666388153,30313
9001.1123,Connecticut,Fairfield,Danbury,11.70431034,6810,41.399167,-73.443056,8.6,7.666388153,49482
9001.3005,Connecticut,Fairfield,Norwalk,11.79459459,6851,41.1125,-73.407222,8.2,7.666388153,26703
9001.9003,Connecticut,Fairfield,Westport,10.19226361,6880,41.118333,-73.336667,2.6,7.666388153,26647
9003.1003,Connecticut,Hartford,East Hartford,9.564431487,6108,41.784722,-72.631667,18.5,6.659058967,24307
9003.2006,Connecticut,Hartford,East Hartford,10.52678571,6114,41.7425,-72.634444,9.3,6.659058967,27449
9005.0004,Connecticut,Litchfield,Thomaston,8.962711864,6787,41.64486,-73.07908,1.3,6.104501156,7975
9005.0005,Connecticut,Litchfield,Cornwall,6.708403361,6756,41.821342,-73.297257,1.2,5.438827437,2853
9009.0026,Connecticut,New Haven,New Haven,11.51583333,6513,41.291111,-72.894167,6.5,8.597730586,38978
9009.0027,Connecticut,New Haven,New Haven,11.2868932,6513,41.3014,-72.902871,6.3,8.597730586,38978
9009.1123,Connecticut,New Haven,New Haven,12.11694915,6510,41.310833,-72.916944,6.3,8.597730586,2737
9009.2008,Connecticut,New Haven,New Haven,10.62477876,6511,41.331389,-72.919722,17.6,8.597730586,53600
9009.2123,Connecticut,New Haven,Waterbury,11.62722222,6702,41.550556,-73.043611,56.3,6.104501156,3654
9011.3002,Connecticut,New London,Norwich,10.06160458,6360,41.524167,-72.076667,10.1,7.538637828,37541
10001.0002,Delaware,Kent,Not in a city,11.36869565,19943,38.986672,-75.5568,11.8,8.936071546,11425
10001.0003,Delaware,Kent,Dover,11.27678571,19901,39.155,-75.518056,0.825,8.936071546,35055
10003.1003,Delaware,New Castle,Not in a city,12.98316832,19809,39.761111,-75.491944,5.3,10.00607413,14049
10003.1007,Delaware,New Castle,Not in a city,11.48425926,19701,39.5513,-75.732,3.5,9.75057813,39194
10003.1012,Delaware,New Castle,Newark,12.61388889,19716,39.691962,-75.761299,2.325,10.00607413,1568
10003.2004,Delaware,New Castle,Wilmington,13.52922252,19801,39.739444,-75.558056,31.8,10.00607413,16286
10005.1002,Delaware,Sussex,Seaford,12.24827586,19973,38.6539,-75.6106,14.3,9.009156591,23838
11001.0041,District Of Columbia,District of Columbia,Washington,12.10485437,20019,38.895572,-76.958072,25.1,12.50397672,54358
11001.0042,District Of Columbia,District of Columbia,Washington,12.43697479,20024,38.876255,-77.034059,18.9,10.37936426,11510
11001.0043,District Of Columbia,District of Columbia,Washington,11.68633721,20010,38.921847,-77.013178,13,10.37936426,30138
12001.0023,Florida,Alachua,Gainesville,7.258333333,32606,29.706111,-82.387778,4.7,8.52273932,21833
12001.0024,Florida,Alachua,Gainesville,7.940677966,32605,29.658333,-82.408333,19.5,8.52273932,22925
12005.1004,Florida,Bay,Panama City,9.909322034,32404,30.144167,-85.614444,14.5,8.909907716,38425
12009.0007,Florida,Brevard,Melbourne,7.555371901,32901,28.053611,-80.628611,12.3,7.032765673,24521
12011.1002,Florida,Broward,Davie,7.38606357,33314,26.083143,-80.237586,15,5.398935289,21885
12011.2004,Florida,Broward,Pompano Beach,7.402654867,33060,26.217222,-80.127778,21.4,5.656091419,32154
12011.3002,Florida,Broward,Hollywood,8.130088496,33020,26.000833,-80.160556,14.3,6.04852418,41329
12017.0005,Florida,Citrus,Not in a city,7.815441176,34428,28.980556,-82.7,7,8.296370329,9109
12031.0098,Florida,Duval,Jacksonville,8.464553314,32223,30.135556,-81.634167,2.3,8.844856129,23980
12031.0099,Florida,Duval,Jacksonville,9.145308311,32225,30.354722,-81.547778,14.4,7.167520494,52485
12033.0004,Florida,Escambia,Ferry Pass,9.639189189,32514,30.525367,-87.20355,10.3,7.523407184,37399
12057.003,Florida,Hillsborough,Tampa,8.552955665,33609,27.931944,-82.509722,1.1,9.425857633,15999
12057.3002,Florida,Hillsborough,Valrico,8.231197772,33527,27.96565,-82.2304,20.2,10.12499283,15203
12071.0005,Florida,Lee,Fort Myers,7.023333333,33901,26.602016,-81.877908,11.5,7.480289059,19500
12073.0012,Florida,Leon,Tallahassee,10.56737589,32304,30.439722,-84.346389,38.9,11.39816334,46145
12086.0033,Florida,Miami-Dade,Palm Springs North,7.967826087,33015,25.941944,-80.326389,11.4,5.398935289,63544
12086.1016,Florida,Miami-Dade,Miami,8.256666667,33136,25.794222,-80.215556,31.7,6.100081903,13791
12086.6001,Florida,Miami-Dade,Homestead,7.211730205,33030,25.471944,-80.482778,26.9,4.64597954,34110
12095.1004,Florida,Orange,Orlando,7.545810056,32803,28.550833,-81.345556,5.5,10.59791907,19020
12095.2002,Florida,Orange,Winter Park,7.437371134,32789,28.596389,-81.3625,8.8,10.59791907,24557
12099.0008,Florida,Palm Beach,Belle Glade,6.19602649,33430,26.724444,-80.666667,42.3,9.015444077,21427
12099.0009,Florida,Palm Beach,Royal Palm Beach,6.083193277,33411,26.730833,-80.233889,6.6,5.98265848,65245
12099.2005,Florida,Palm Beach,Delray Beach,6.600529101,33445,26.456944,-80.092778,15.5,5.656091419,29754
12103.0018,Florida,Pinellas,Saint Petersburg,8.080154639,33710,27.785866,-82.739875,5.4,9.583188,32780
12103.1009,Florida,Pinellas,Clearwater,8.062608696,33755,27.986283,-82.78215,22.7,7.312699366,26146
12105.6006,Florida,Polk,Lakeland,8.104137931,33815,28.028889,-81.972222,23.4,9.891444854,14267
12111.1002,Florida,St. Lucie,Fort Pierce,7.548648649,34947,27.448889,-80.40833,30.3,5.902044962,12186
12115.0013,Florida,Sarasota,Ridge Wood Heights,6.931372549,34231,27.290556,-82.507222,12.5,7.76904815,30268
12117.1002,Florida,Seminole,Sanford,8.001360544,32746,28.746111,-81.310556,4.5,9.468136434,40571
13021.0007,Georgia,Bibb,Macon,12.25313433,31206,32.777455,-83.641096,38.8,11.71680091,29072
13021.0012,Georgia,Bibb,Macon,12.23367347,31020,32.805408,-83.543521,26.8,11.71680091,2541
13051.0017,Georgia,Chatham,Savannah,11.91633987,31408,32.092957,-81.14399,24.9,8.573354613,9952
13051.0091,Georgia,Chatham,Garden City,11.4893617,31408,32.110759,-81.161847,16.9,9.002287114,9952
13059.0002,Georgia,Clarke,Athens-Clarke County (Remainder),12.25168539,30605,33.918067,-83.344495,12.1,9.161458727,39952
13063.0091,Georgia,Clayton,Forest Park,13.84869565,30297,33.609867,-84.391028,27.5,10.52544688,27188
13067.0003,Georgia,Cobb,Kennesaw,13.74336283,30144,34.015482,-84.607407,6.4,8.932245796,52252
13067.0004,Georgia,Cobb,Powder Springs,13.07155172,30127,33.89932,-84.661514,5.1,10.52544688,60347
13089.0002,Georgia,DeKalb,Not in a city,12.71311953,30034,33.68797,-84.29048,15,13.4411511,43113
13089.2001,Georgia,DeKalb,Doraville,13.07327824,30341,33.901389,-84.279903,11,13.4411511,31793
13095.0007,Georgia,Dougherty,Albany,12.85188679,31705,31.576917,-84.100194,36.7,11.75110069,35565
13115.0005,Georgia,Floyd,Rome,12.96348684,30165,34.263198,-85.304826,15,9.303585787,39975
13121.0032,Georgia,Fulton,Atlanta,13.28062678,30305,33.819564,-84.389708,5.3,10.52544688,22999
13121.0048,Georgia,Fulton,Atlanta,14.25798319,30313,33.77933,-84.39576,8.75,10.52544688,9495
13127.0006,Georgia,Glynn,Brunswick,9.829347826,31520,31.169735,-81.495881,26.5,6.847049751,22336
13135.0002,Georgia,Gwinnett,Not in a city,12.54519231,30043,33.96127,-84.06901,11.1,9.339460927,80241
13139.0003,Georgia,Hall,Gainesville,11.87578947,30507,34.30008,-83.81217,27.7,8.244530163,28399
13153.0001,Georgia,Houston,Warner Robins,11.73947368,31098,32.6056,-83.597907,16.2,11.71680091,2888
13185.0003,Georgia,Lowndes,Valdosta,9.554945055,31698,30.848056,-83.294444,14.05,9.930763988,2223
13215.0001,Georgia,Muscogee,Columbus (Remainder),13.49285714,31901,32.483543,-84.980977,37.7,9.774143543,8638
13215.0008,Georgia,Muscogee,Columbus (Remainder),12.59107143,31909,32.521302,-84.944795,6.8,11.06786449,35177
13215.0011,Georgia,Muscogee,Columbus (Remainder),13.16330275,31903,32.42905,-84.9316,37.8,11.06786449,20128
13223.0003,Georgia,Paulding,Not in a city,11.89396552,30153,33.9285,-85.04534,14.5,8.926431002,18411
13245.0005,Georgia,Richmond,Augusta-Richmond County (Remainder),13.71337209,30912,33.469164,-81.991426,10.575,10.88106258,296
13245.0091,Georgia,Richmond,Augusta-Richmond County (Remainder),13.48316832,30904,33.433349,-82.022217,26.6,10.88106258,25666
13295.0002,Georgia,Walker,Not in a city,12.475,30741,34.97889,-85.30098,48.3,9.459333349,29290
13303.0001,Georgia,Washington,Sandersville,11.87567568,31082,32.974881,-82.80876,20,9.821763499,10408
13319.0001,Georgia,Wilkinson,Gordon,12.80348837,31031,32.881829,-83.333775,8.1,10.58292523,6576
16001.001,Idaho,Ada,Not in a city,7.912658228,83642,43.600699,-116.347853,6.6,4.777593577,37008
16001.0011,Idaho,Ada,Boise (corporate name Boise City),7.718627451,83704,43.636111,-116.270278,13.1,4.777593577,39628
16005.002,Idaho,Bannock,Not in a city,5.136440678,83203,42.978333,-112.455,15.8,2.918973502,309
16009.001,Idaho,Benewah,Not in a city,9.050442478,83861,47.316667,-116.57028,10,5.968979239,6360
16041.0001,Idaho,Franklin,Franklin,6.248888889,83237,42.013333,-111.809167,11.1,3.585955304,1146
16059.0004,Idaho,Lemhi,Not in a city,9.720689655,83467,45.181897,-113.890285,12.5,1.629837914,6270
16079.0017,Idaho,Shoshone,Pinehurst (Pine Creek),11.70163043,83839,47.536389,-116.236667,25.8,3.762412841,1417
17001.0007,Illinois,Adams,Quincy,9.181355932,62301,39.915409,-91.335868,4.5,7.209794726,33758
17019.0004,Illinois,Champaign,Champaign,10.48793103,61820,40.123796,-88.229531,20.7,9.847546006,36964
17019.1001,Illinois,Champaign,Not in a city,11.00169492,61875,40.05278,-88.37251,21.3,9.000962834,761
17031.0022,Illinois,Cook,Chicago,12.59298246,60617,41.687165,-87.539315,31.4,16.90920694,84155
17031.005,Illinois,Cook,Chicago,11.78113208,60617,41.70757,-87.568574,21.7,16.90920694,84155
17031.0052,Illinois,Cook,Chicago,12.24525994,60630,41.965485,-87.749928,7.8,12.15908766,54093
17031.0057,Illinois,Cook,Chicago,12.03981481,60647,41.912862,-87.722723,28.2,12.15908766,87291
17031.0076,Illinois,Cook,Chicago,11.90588235,60652,41.7514,-87.713488,9.2,12.66599036,40959
17031.1016,Illinois,Cook,McCook,12.92352941,60525,41.80118,-87.832349,8,12.66599036,31168
17031.2001,Illinois,Cook,Blue Island,12.52782609,60406,41.662109,-87.696467,19.2,12.66599036,25460
17031.3103,Illinois,Cook,Schiller Park,13.44678899,60176,41.965193,-87.876265,6.2,12.15908766,11795
17031.3301,Illinois,Cook,Summit,12.04537815,60501,41.782766,-87.805377,16.2,12.66599036,11626
17031.4007,Illinois,Cook,Des Plaines,11.32347826,60016,42.060285,-87.863225,4.7,12.15908766,59690
17031.4201,Illinois,Cook,Northbrook,10.05689655,60022,42.139996,-87.799227,5.1,12.15908766,8153
17031.6005,Illinois,Cook,Cicero,13.16597938,60644,41.864426,-87.748902,29.2,12.15908766,48648
17043.4002,Illinois,DuPage,Naperville,11.29152542,60540,41.771071,-88.152534,2.2,10.8586589,42910
17065.0002,Illinois,Hamilton,Not in a city,12.42363636,62859,38.082155,-88.624943,3.7,9.170837892,5748
17083.1001,Illinois,Jersey,Jerseyville,9.989285714,62052,39.110539,-90.32408,6.8,8.643841496,13002
17089.0003,Illinois,Kane,Elgin,10.85,60120,42.050403,-88.280015,9.4,10.42447677,50955
17089.0007,Illinois,Kane,Aurora,10.40350877,60506,41.784717,-88.329374,2.1,10.8586589,53013
17097.1007,Illinois,Lake,Zion,9.360655738,60096,42.467573,-87.810047,2.5,11.31861934,6897
17099.0007,Illinois,La Salle,Oglesby,10.56759259,61348,41.293015,-89.049425,5.1,8.542114898,4696
17111.0001,Illinois,McHenry,Cary,10.09009009,60013,42.221442,-88.242207,2.9,9.594217933,26872
17113.2003,Illinois,McLean,Normal,10.7626087,61761,40.518735,-88.996896,9.7,9.783419321,52879
17115.0013,Illinois,Macon,Decatur,11.85932203,62526,39.866834,-88.925594,59.4,9.147611956,34075
17119.0024,Illinois,Madison,Granite City,14.48508772,62040,38.700632,-90.144763,32.1,12.08051091,43735
17119.1007,Illinois,Madison,Granite City,15.68585859,62040,38.704534,-90.139675,32.1,12.08051091,43735
17119.2009,Illinois,Madison,Alton,12.41090909,62002,38.903085,-90.143168,13.3,9.167593915,32704
17119.3007,Illinois,Madison,Wood River,12.14661017,62095,38.860669,-90.105851,16.5,10.17815534,11237
17143.0037,Illinois,Peoria,Peoria,11.18739496,61602,40.697007,-89.584737,22.3,8.531867323,1055
17157.0001,Illinois,Randolph,Not in a city,10.40862069,62217,38.176278,-89.788459,2.8,9.880902014,807
17161.3002,Illinois,Rock Island,Rock Island Arsenal (U.S. Army),10.68245614,61265,41.514727,-90.51735,8.3,8.892742611,45099
17163.001,Illinois,Saint Clair,East Saint Louis,12.17272727,62207,38.612034,-90.160477,0,12.08051091,8750
17163.4001,Illinois,Saint Clair,Swansea,12.68715596,62226,38.529631,-89.99285,9.9,14.39328259,29744
17167.0012,Illinois,Sangamon,Not in a city,11.08125,62702,39.831921,-89.644164,15.2,8.534604752,37281
17197.1002,Illinois,Will,Joliet,11.67704918,60435,41.526885,-88.116474,9.8,10.8586589,48899
17197.1011,Illinois,Will,Braidwood,10.36166667,60935,41.221537,-88.190967,12.6,9.76348422,1064
17201.0013,Illinois,Winnebago,Rockford,10.70916667,61104,42.263081,-89.092767,32.4,8.366766778,19269
18003.0004,Indiana,Allen,Fort Wayne,11.69906542,46805,41.094965,-85.101816,13.5,10.38323073,21306
18019.0006,Indiana,Clark,Jeffersonville,14.5438806,47130,38.277675,-85.740153,33.5,10.18727094,44722
18035.0006,Indiana,Delaware,Muncie,11.62389381,47305,40.201141,-85.387999,30.3,10.07465088,4106
18037.0004,Indiana,Dubois,Not in a city,12.198,47546,38.369436,-86.959031,5.6,10.05661912,21009
18037.0005,Indiana,Dubois,Jasper,12.53545455,47546,38.404778,-86.928322,5.6,10.05661912,21009
18037.2001,Indiana,Dubois,Jasper,12.7364,47546,38.391443,-86.92916,5.6,10.05661912,21009
18039.0008,Indiana,Elkhart,Elkhart,12.25585586,46516,41.656905,-85.968372,18.8,10.67748477,33501
18043.1004,Indiana,Floyd,New Albany,12.62283951,47150,38.308056,-85.834167,13,10.18727094,47472
18051.0012,Indiana,Gibson,Not in a city,11.58571429,47660,38.322931,-87.318789,13.2,9.730978032,4934
18065.0003,Indiana,Henry,Middletown,11.3963964,47356,40.009525,-85.523455,7.7,10.07465088,5781
18067.0003,Indiana,Howard,Kokomo,11.48529412,46902,40.485479,-86.132879,13.8,10.25923224,35697
18083.0004,Indiana,Knox,Not in a city,11.64067797,47516,38.740882,-87.484733,6.6,9.43541026,1249
18089.0006,Indiana,Lake,East Chicago,11.88365385,46312,41.636127,-87.440843,33.3,16.90920694,29698
18089.0022,Indiana,Lake,Gary,12.51,46402,41.60668,-87.304729,40.6,16.90920694,6726
18089.0026,Indiana,Lake,Gary,13.88240741,46406,41.573239,-87.405905,25.1,16.90920694,9900
18089.0027,Indiana,Lake,Griffith,11.63364486,46319,41.546593,-87.426481,6.1,16.90920694,18404
18089.0031,Indiana,Lake,Gary,12.22709677,46402,41.598505,-87.342991,40.6,16.90920694,6726
18089.2004,Indiana,Lake,Hammond,12.87565292,46323,41.585496,-87.474486,11.8,16.90920694,22743
18089.201,Indiana,Lake,Hammond,12.48490566,46394,41.678349,-87.508345,31.4,16.90920694,12258
18091.0011,Indiana,LaPorte,Michigan City,11.15225225,46360,41.707212,-86.891216,15.1,12.25447286,43625
18095.0009,Indiana,Madison,Anderson,12.18477011,46016,40.111975,-85.679952,33,10.07465088,19225
18097.0043,Indiana,Marion,Indianapolis (Remainder),15.09504132,46225,39.744993,-86.166464,31.3,11.88048124,7319
18097.0066,Indiana,Marion,Indianapolis,13.21376147,46201,39.760437,-86.108848,32.8,11.88048124,30962
18097.0078,Indiana,Marion,Indianapolis (Remainder),13.05221239,46218,39.811097,-86.114469,30.2,11.88048124,29028
18097.0081,Indiana,Marion,Indianapolis (Remainder),13.74401914,46222,39.788903,-86.214628,22.7,9.936537341,34044
18097.0083,Indiana,Marion,Indianapolis (Remainder),13.25391304,46201,39.774979,-86.12202,32.8,11.88048124,30962
18127.0024,Indiana,Porter,Ogden Dunes (Wickliffe),10.88245614,46368,41.617558,-87.199248,9.9,16.90920694,38691
18141.0014,Indiana,St. Joseph,South Bend,11.3275,46615,41.66346,-86.207826,16.5,10.67748477,14609
18141.0015,Indiana,St. Joseph,South Bend,12.37624314,46615,41.696692,-86.214683,6.2,10.67748477,14609
18147.0009,Indiana,Spencer,Dale,11.81339286,47523,38.167523,-86.983214,5.7,10.05661912,3435
18157.0008,Indiana,Tippecanoe,Lafayette,11.59897698,47904,40.431639,-86.8525,20.3,10.38380803,16277
18163.0006,Indiana,Vanderburgh,Evansville,12.26646341,47708,37.971727,-87.567236,0,10.35339888,439
18163.0012,Indiana,Vanderburgh,Evansville,12.53333333,47710,38.021727,-87.569458,14.1,10.35339888,19527
18163.0016,Indiana,Vanderburgh,Evansville,12.45384615,47714,37.974436,-87.532289,15,10.35339888,34107
18167.0018,Indiana,Vigo,Terre Haute,12.26428571,47807,39.48615,-87.401398,38.6,9.587637735,13045
18167.0023,Indiana,Vigo,Terre Haute,11.92312704,47803,39.456238,-87.370553,38.6,9.587637735,21102
19013.0008,Iowa,Black Hawk,Waterloo,10.38991597,50703,42.493056,-92.343889,11,7.031190848,19863
19045.0019,Iowa,Clinton,Clinton,12.15648415,52732,41.823283,-90.211982,10.1,8.476871228,28293
19045.0021,Iowa,Clinton,Clinton,10.99708455,52732,41.874999,-90.177574,3.1,8.476871228,28293
19055.0001,Iowa,Delaware,Not in a city,10.24444444,52038,42.600834,-91.538493,0,7.055310635,491
19103.2001,Iowa,Johnson,Iowa City,10.77894737,52245,41.657232,-91.503478,4.9,8.153296681,22573
19111.0008,Iowa,Lee,Keokuk,11.43559322,52632,40.400959,-91.391012,16.9,7.147876003,13086
19113.0037,Iowa,Linn,Cedar Rapids,10.32396694,52402,42.00508,-91.6793,5.8,7.459158074,40149
19113.004,Iowa,Linn,Cedar Rapids,10.76906907,52405,41.97677,-91.68766,46.3,7.459158074,23621
19137.0002,Iowa,Montgomery,Not in a city,8.806034483,51573,40.969112,-95.044951,5.9,6.246671444,1093
19139.0015,Iowa,Muscatine,Muscatine,12.54396285,61259,41.400968,-91.067957,11.4,8.227486166,1276
19147.1002,Iowa,Palo Alto,Emmetsburg,8.631034483,50536,43.123704,-94.693518,4.7,5.798107302,4541
19153.003,Iowa,Polk,Des Moines,9.744410876,50314,41.603159,-93.643118,26,7.744652554,12465
19153.251,Iowa,Polk,Clive,9.542372881,50266,41.603517,-93.7479,2.7,6.429376605,23625
19155.0009,Iowa,Pottawattamie,Council Bluffs,10.2773913,51510,41.264171,-95.896124,9.8,7.267698066,3785
19163.0015,Iowa,Scott,Davenport,11.86449704,52804,41.530011,-90.587611,44.4,8.892742611,27379
19163.0018,Iowa,Scott,Davenport,11.24918033,52804,41.550005,-90.600115,44.4,8.892742611,27379
19163.0019,Iowa,Scott,Davenport,13.464,52802,41.517772,-90.618755,17.7,8.892742611,10868
19177.0006,Iowa,Van Buren,Not in a city,9.269642857,52565,40.695078,-92.006318,10.4,6.775810897,2027
19193.0017,Iowa,Woodbury,Sioux City,9.853278689,51104,42.517968,-96.387903,10.3,5.622957691,22104
19197.0004,Iowa,Wright,Clarion,9.154368932,50525,42.695391,-93.655976,0,6.449447403,3583
20091.0007,Kansas,Johnson,Overland Park,9.38490566,66212,38.974457,-94.687013,10.7,9.717684427,32096
20091.001,Kansas,Johnson,Not in a city,8.454954955,66062,38.838575,-94.746424,2.7,8.027682198,74411
20107.0002,Kansas,Linn,Not in a city,9.754545455,66075,38.135882,-94.731988,13.7,7.091016466,2103
20173.0008,Kansas,Sedgwick,Wichita,9.631304348,67211,37.659334,-97.297714,17.5,7.714494775,20644
20173.0009,Kansas,Sedgwick,Wichita,9.47107438,67217,37.651114,-97.362212,24.6,7.714494775,30186
20173.001,Kansas,Sedgwick,Wichita,9.391812865,67214,37.702066,-97.314847,32.4,7.266570895,16542
20177.0013,Kansas,Shawnee,Topeka,9.90990991,66611,39.024265,-95.711275,9.9,6.715784009,9832
20191.0002,Kansas,Sumner,Not in a city,9.05785124,67120,37.47689,-97.366399,3.1,7.714494775,1358
20209.0021,Kansas,Wyandotte,Kansas City,10.24709302,66101,39.117219,-94.635605,33.1,9.717684427,13220
20209.0022,Kansas,Wyandotte,Kansas City,9.545454545,66203,39.046314,-94.694816,16.8,9.717684427,19156
21013.0002,Kentucky,Bell,Middlesborough (corporate name for Middlesboro),12.45762712,40965,36.60843,-83.73694,32.1,7.309760229,13570
21019.0017,Kentucky,Boyd,Ashland,12.07438017,41101,38.45934,-82.64041,15.6,9.249667328,18758
21029.0006,Kentucky,Bullitt,Shepherdsville,12.8231405,40165,37.98629,-85.71192,8.7,10.22024401,32726
21037.3002,Kentucky,Campbell,Highland Heights,11.87647059,41099,39.021881,-84.47445,9.55,11.79123558,1169
21043.05,Kentucky,Carter,Not in a city,10.28429752,41143,38.23887,-82.9881,1.85,7.740764596,14535
21047.0006,Kentucky,Christian,Not in a city,11.98205128,42220,36.91171,-87.323337,17.4,9.278927582,6844
21059.0005,Kentucky,Daviess,Not in a city,12.01652174,42303,37.780776,-87.075307,11.8,11.77080397,38909
21067.0012,Kentucky,Fayette,Lexington-Fayette (corporate name for Lexington),12.22416667,40508,38.06503,-84.49761,32.9,9.488703306,23569
21067.0014,Kentucky,Fayette,Lexington-Fayette (corporate name for Lexington),12.10517241,40508,38.038889,-84.5075,20.525,9.488703306,23569
21073.0006,Kentucky,Franklin,Frankfort,11.49159664,40601,38.219361,-84.8385,12,9.46338616,49566
21093.0006,Kentucky,Hardin,Elizabethtown,12.23181818,42701,37.705612,-85.852629,10.3,9.101351421,48194
21101.0014,Kentucky,Henderson,Not in a city,11.74848485,42420,37.8712,-87.46375,17.3,10.35339888,38192
21111.0043,Kentucky,Jefferson,Louisville,13.17715582,40211,38.23319,-85.81566,32.9,10.18727094,22612
21111.0044,Kentucky,Jefferson,Louisville,13.40409357,40215,38.19113,-85.77935,32,10.18727094,22287
21111.0048,Kentucky,Jefferson,Louisville,13.43275862,40204,38.24024,-85.73195,9.5,10.18727094,14236
21111.0051,Kentucky,Jefferson,Louisville,12.73333333,40272,38.06091,-85.89804,9.9,10.18727094,37394
21117.0007,Kentucky,Kenton,Covington,12.01570248,41011,39.0725,-84.525,21.7,11.79123558,25872
21145.1004,Kentucky,McCracken,Paducah,11.87777778,42003,37.06636,-88.63774,10.6,9.757218162,29683
21151.0003,Kentucky,Madison,Richmond,10.45966387,40475,37.738458,-84.284952,13.1,9.471733992,55803
21183.0032,Kentucky,Ohio,Not in a city,11.99166667,42320,37.319725,-86.956097,19.5,9.213426097,8205
21195.0002,Kentucky,Pike,Pikeville,10.55294118,41501,37.4826,-82.53532,18.5,9.442974574,23298
21227.0008,Kentucky,Warren,Oakland,12.45088757,42159,37.035438,-86.250628,7.2,9.55878605,1195
22017.0008,Louisiana,Caddo,Shreveport,11.5471831,71108,32.471666,-93.794999,32.7,8.985813934,20388
22019.0009,Louisiana,Calcasieu,Vinton,8.76407767,70668,30.227778,-93.578333,15.2,11.30427813,6424
22019.001,Louisiana,Calcasieu,Lake Charles,9.251886792,70601,30.177143,-93.214514,21.8,13.32880005,32384
22033.0009,Louisiana,East Baton Rouge,Baton Rouge,11.38439153,70802,30.46198,-91.17922,15,14.00675104,27267
22033.1001,Louisiana,East Baton Rouge,Not in a city,9.66,70807,30.593978,-91.251943,33.2,14.00675104,20377
22047.0005,Louisiana,Iberville,Not in a city,11.64811321,70721,30.219097,-91.062547,11.1,15.34691535,701
22047.0009,Louisiana,Iberville,Not in a city,9.571296296,70764,30.220556,-91.316111,16.9,10.91760653,17584
22051.1001,Louisiana,Jefferson,Kenner,9.146788991,70065,30.043573,-90.275091,9.2,11.27549383,51116
22051.2001,Louisiana,Jefferson,Marrero,9.279439252,70072,29.883056,-90.083333,14.3,11.57105867,56344
22055.0006,Louisiana,Lafayette,Lafayette,9.127966102,70507,30.274833,-92.0172,13,12.4145494,16558
22055.0007,Louisiana,Lafayette,Lafayette,9.2325,70506,30.2175,-92.051389,13.4,12.4145494,41163
22073.0004,Louisiana,Ouachita,Monroe,9.2925,71203,32.509713,-92.046093,8.25,10.50827611,37105
22079.0002,Louisiana,Rapides,Alexandria,9.047413793,71302,31.177638,-92.410611,23.6,10.91341803,15049
22087.0007,Louisiana,St. Bernard,Chalmette,10.58431373,70043,29.94475,-89.976263,14.1,8.966612063,16760
22105.0001,Louisiana,Tangipahoa,Hammond,10.31258741,70401,30.503056,-90.376944,19.2,9.363830088,20415
22109.0001,Louisiana,Terrebonne,Not in a city,8.521495327,70359,29.678883,-90.779967,17.2,17.24378332,8408
22121.0001,Louisiana,West Baton Rouge,Not in a city,11.47197452,70805,30.500643,-91.213556,33.2,14.00675104,29909
23003.1008,Maine,Aroostook,Presque Isle,5.583783784,4769,46.69838,-68.038929,12.4,2.135087637,9692
24003.1003,Maryland,Anne Arundel,Glen Burnie,12.7279661,21061,39.169533,-76.627933,6.9,10.94098514,53684
24005.1007,Maryland,Baltimore,Cockeysville,11.7097561,21030,39.462029,-76.631673,1.5,9.634451847,24355
24005.3001,Maryland,Baltimore,Essex,12.55375375,21221,39.310833,-76.474444,5.3,10.94098514,42154
24015.0003,Maryland,Cecil,Not in a city,13.22359765,21921,39.701444,-75.860051,0,12.05354541,44471
24025.1001,Maryland,Harford,Edgewood,11.16818182,21040,39.410191,-76.296946,0,10.01524809,24420
24031.3001,Maryland,Montgomery,Not in a city,9.640666344,20855,39.114313,-77.106876,4.8,10.37936426,14295
24033.0025,Maryland,Prince George's,Bladensburg,12.50877193,20710,38.94121,-76.93219,12,12.50397672,9313
24033.003,Maryland,Prince George's,Beltsville,12.20978963,20708,39.055277,-76.878333,4.1,12.50397672,25546
24033.8003,Maryland,Prince George's,Greater Upper Marlboro,11.3472973,20772,38.81194,-76.74417,1.3,12.50397672,42625
24043.0009,Maryland,Washington,Not in a city,11.86393443,21746,39.564178,-77.720244,3.575,8.604723467,1883
24510.0006,Maryland,Baltimore (City),Baltimore,12.20416667,21251,39.340556,-76.582222,3.525,10.94098514,934
24510.0007,Maryland,Baltimore (City),Baltimore,12.53157895,21215,39.34465,-76.68538,21.2,10.94098514,60161
24510.0008,Maryland,Baltimore (City),Baltimore,12.79009009,21224,39.28777,-76.546861,15.9,10.94098514,49134
24510.0035,Maryland,Baltimore (City),Baltimore,14.28625,21226,39.232778,-76.579722,7.2,10.94098514,7561
24510.004,Maryland,Baltimore (City),Baltimore,13.3177621,21202,39.297733,-76.604603,28.8,10.94098514,22832
25003.5001,Massachusetts,Berkshire,Pittsfield,9.955,1201,42.448009,-73.254108,12.3,5.844493147,46504
25005.1004,Massachusetts,Bristol,Fall River,9.045901639,2724,41.685707,-71.169235,21.4,7.373641272,16908
25009.2006,Massachusetts,Essex,Lynn,8.713157895,1904,42.474642,-70.970816,17.4,8.038854525,18203
25009.5005,Massachusetts,Essex,Haverhill,8.545689655,1832,42.770837,-71.10229,6.3,5.81138681,22060
25009.6001,Massachusetts,Essex,Lawrence,9.05,1840,42.698215,-71.164413,22,5.81138681,4733
25013.0008,Massachusetts,Hampden,Chicopee,9.265065502,1022,42.19438,-72.555112,0,6.457218806,2451
25013.0016,Massachusetts,Hampden,Springfield,10.76890756,1103,42.108992,-72.590803,28.6,6.457218806,2479
25013.2009,Massachusetts,Hampden,Springfield,10.80991736,1103,42.105792,-72.597133,28.6,6.457218806,2479
25017.0009,Massachusetts,Middlesex,Chelmsford (Chelmsford Center),8.700819672,1863,42.62668,-71.362068,15.5,6.189106765,8891
25023.0004,Massachusetts,Plymouth,Brockton,9.631696429,2302,42.081936,-71.014739,10.2,8.813116795,32741
25025.0002,Massachusetts,Suffolk,Boston,11.15701754,2215,42.348873,-71.097163,6.4,8.038854525,26125
25025.0027,Massachusetts,Suffolk,Boston,10.66896552,2129,42.372122,-71.061741,18.2,8.038854525,16439
25025.0042,Massachusetts,Suffolk,Boston,9.824576271,2119,42.3295,-71.0826,29.3,8.038854525,25346
25025.0043,Massachusetts,Suffolk,Boston,11.10806676,2113,42.3631,-71.0543,5.6,8.038854525,6915
25027.0016,Massachusetts,Worcester,Worcester,9.782905983,1608,42.260102,-71.798375,61.7,6.171184139,3888
25027.0023,Massachusetts,Worcester,Worcester,10.30517241,1608,42.263955,-71.794322,61.7,6.171184139,3888
26005.0003,Michigan,Allegan,Holland,9.644347826,49423,42.767786,-86.148577,9.7,6.707858884,44977
26017.0014,Michigan,Bay,Bay City,8.935087719,48708,43.571391,-83.890721,12.6,8.184169182,27262
26021.0014,Michigan,Berrien,Coloma,9.898230088,49038,42.19779,-86.309694,10.1,7.698056572,9310
26033.0901,Michigan,Chippewa,Sault Ste. Marie,10.78214286,49783,46.493611,-84.364167,11,3.036034917,19668
26033.0902,Michigan,Chippewa,Sault Ste. Marie,10.5725,49783,46.481667,-84.331667,11,3.036034917,19668
26033.0903,Michigan,Chippewa,Not in a city,11.7804878,49715,46.454,-84.6067,10.3,2.95268486,3130
26049.0021,Michigan,Genesee,Flint,10.1287037,48506,43.047224,-83.670159,37.1,9.262458571,30019
26065.0012,Michigan,Ingham,Lansing,9.87295082,48912,42.738618,-84.534633,19.9,8.740749859,17035
26077.0008,Michigan,Kalamazoo,Kalamazoo,11.16056338,49001,42.278067,-85.54189,27.3,9.168110834,22095
26081.0007,Michigan,Kent,Grand Rapids,11.14615385,49503,42.956117,-85.679117,24,8.706745192,35940
26081.002,Michigan,Kent,Grand Rapids,10.6298153,49503,42.984173,-85.671339,24,8.706745192,35940
26091.0007,Michigan,Lenawee,Tecumseh,9.9275,49286,41.995568,-83.946559,3.5,9.313380663,14797
26099.0009,Michigan,Macomb,New Haven,10.6965812,48048,42.731394,-82.793463,8,8.830787847,7548
26101.0922,Michigan,Manistee,Manistee,7.611711712,49660,44.307,-86.242649,3.6,4.955158539,14066
26113.0001,Michigan,Missaukee,Not in a city,6.522807018,49667,44.310555,-84.891865,11.5,4.69674774,549
26115.0005,Michigan,Monroe,Luna Pier,11.4008547,48133,41.763889,-83.471944,7.2,9.638579658,5753
26121.004,Michigan,Muskegon,Muskegon,9.594252874,49440,43.233061,-86.23858,28.2,5.980674641,953
26125.0001,Michigan,Oakland,Oak Park,10.89576271,48237,42.463063,-83.183199,15.1,8.680140351,29319
26139.0005,Michigan,Ottawa,Jenison,10.79802817,49428,42.894451,-85.852734,5,8.782817169,25420
26147.0005,Michigan,St. Clair,Port Huron,11.10508475,48060,42.953336,-82.456229,20.7,8.203963085,40831
26161.0008,Michigan,Washtenaw,Ypsilanti,11.43684211,48198,42.240565,-83.599602,15.9,9.068287306,38186
26163.0001,Michigan,Wayne,Allen Park,11.9298153,48101,42.22862,-83.2082,5.6,10.16448733,28200
26163.0015,Michigan,Wayne,Detroit,12.8647541,48209,42.302786,-83.10653,34.3,10.16448733,32262
26163.0016,Michigan,Wayne,Detroit,11.90847458,48208,42.357808,-83.096033,41.2,8.680140351,10234
26163.0019,Michigan,Wayne,Detroit,11.32586207,48205,42.43084,-83.000138,36.4,13.50114589,44045
26163.0025,Michigan,Wayne,Livonia,10.95811966,48152,42.423063,-83.426263,2.9,8.680140351,31173
26163.0033,Michigan,Wayne,Dearborn,13.39831933,48120,42.306674,-83.148754,25.4,10.16448733,8274
26163.0036,Michigan,Wayne,Wyandotte,10.96416667,48192,42.187289,-83.153905,9.5,10.16448733,25883
26163.0038,Michigan,Wayne,Detroit,11.80086957,48210,42.335008,-83.109563,39.4,8.680140351,31017
26163.0039,Michigan,Wayne,Detroit,12.25689655,48216,42.323341,-83.068473,10.65,13.79705975,5645
27021.0001,Minnesota,Cass,Not in a city,4.744827586,56641,47.159942,-94.150987,10.1,3.737680209,324
27037.047,Minnesota,Dakota,Apple Valley,9.490598291,55124,44.73846,-93.23725,3.6,7.112881268,49084
27053.0961,Minnesota,Hennepin,Richfield,9.4475,55423,44.87551,-93.25892,8.5,7.985952649,35375
27053.0963,Minnesota,Hennepin,Minneapolis,9.96557377,55404,44.95366,-93.25821,37.6,7.985952649,27121
27053.1007,Minnesota,Hennepin,Minneapolis,10.31570248,55412,45.03972,-93.29874,20.7,7.985952649,22148
27053.2006,Minnesota,Hennepin,St. Louis Park,10.14,55416,44.94805,-93.34315,3.8,7.985952649,29027
27095.3051,Minnesota,Mille Lacs,Onamia,7.008333333,56450,46.2053,-93.75945,13.7,5.139336544,1017
27109.5008,Minnesota,Olmsted,Rochester,10.17636364,55902,43.996908,-92.450366,7.8,6.979581253,21968
27123.0866,Minnesota,Ramsey,St. Paul,11.53265306,55055,44.89926,-93.01708,6.3,12.59172326,3418
27123.0868,Minnesota,Ramsey,St. Paul,11.1,55101,44.95072,-93.09827,1.4,7.985952649,5592
27123.0871,Minnesota,Ramsey,St. Paul,10.93423423,55106,44.95939,-93.03587,23.9,12.59172326,52730
27137.7001,Minnesota,Saint Louis,Virginia,5.764285714,55792,47.523355,-92.536305,11.1,4.654043005,10107
27137.755,Minnesota,Saint Louis,Duluth,6.697297297,55812,46.81826,-92.08936,32.9,3.939519191,10924
27137.7551,Minnesota,Saint Louis,Duluth,7.807563025,55806,46.76643,-92.13354,26.9,3.939519191,9576
27139.0505,Minnesota,Scott,Shakopee,9.504201681,55347,44.791437,-93.512534,3.6,7.985952649,30069
27145.3052,Minnesota,Stearns,St. Cloud,8.876271186,56304,45.549839,-94.13345,20,5.883497213,16020
27163.0446,Minnesota,Washington,Bayport,8.405,55003,45.02798,-92.77415,4.3,12.59172326,3471
28001.0004,Mississippi,Adams,Natchez,10.68559322,39120,31.560752,-91.390405,23.9,7.486650037,32334
28011.0001,Mississippi,Bolivar,Cleveland,11.77567568,38732,33.746056,-90.723028,24.6,10.75473486,17981
28033.0002,Mississippi,DeSoto,Hernando,11.62118644,38632,34.82166,-89.98783,6.5,11.81148541,24377
28035.0004,Mississippi,Forrest,Hattiesburg,13.015,39406,31.323639,-89.287167,6.225,8.705447972,1759
28043.0001,Mississippi,Grenada,Grenada,10.33217391,38901,33.834444,-89.792778,19,7.575576744,18403
28047.0008,Mississippi,Harrison,Gulfport,9.804310345,39507,30.390369,-89.049778,11.5,8.637198706,16234
28049.001,Mississippi,Hinds,Jackson,12.06837607,39206,32.385731,-90.1412,6.7,9.000090174,25341
28059.0006,Mississippi,Jackson,Pascagoula,10.113,39567,30.378287,-88.53393,14.2,8.314435207,10740
28067.0002,Mississippi,Jones,Laurel,13.12268908,39440,31.688638,-89.135115,24,8.787246435,21305
28075.0003,Mississippi,Lauderdale,Meridian,12.42184874,39307,32.364565,-88.731491,27.3,9.436429692,18603
28081.0005,Mississippi,Lee,Tupelo,11.76554622,38801,34.264917,-88.766222,22.8,8.177865957,29871
28087.0001,Mississippi,Lowndes,Columbus,11.58434783,39705,33.491121,-88.418567,19.8,8.307398901,13667
29021.0005,Missouri,Buchanan,St. Joseph,12.03589744,66024,39.741694,-94.858584,10.9,6.863490932,927
29037.0003,Missouri,Cass,Not in a city,9.953333333,64734,38.75976,-94.57997,9.6,9.778807938,2004
29039.0001,Missouri,Cedar,Not in a city,10.12808989,64744,37.69,-94.035,14.8,6.934786081,7836
29047.0005,Missouri,Clay,Not in a city,10.10956522,64068,39.30309,-94.376623,6.3,7.626602901,36280
29077.0032,Missouri,Greene,Springfield,10.81184211,65806,37.199541,-93.284874,28.4,7.506265451,10586
29095.0034,Missouri,Jackson,Kansas City,12.51589744,64106,39.104758,-94.570796,45.6,9.717684427,7701
29099.0019,Missouri,Jefferson,Arnold,11.43216783,63010,38.448633,-90.39854,5.4,12.08051091,35439
29186.0006,Missouri,Sainte Genevieve,Ste. Genevieve,11.74224138,63670,37.982225,-90.052547,0,9.50211945,11295
29189.2003,Missouri,Saint Louis,Ladue,12.16204188,63105,38.649771,-90.350659,2.6,12.08051091,17667
29510.0007,Missouri,St. Louis City,St. Louis,12.53899721,63111,38.542551,-90.263711,21.7,12.08051091,20313
29510.0085,Missouri,St. Louis City,St. Louis,12.93926554,63107,38.656498,-90.198646,29.1,12.08051091,11912
29510.0087,Missouri,St. Louis City,St. Louis,12.67114846,63102,38.642857,-90.185059,0,12.08051091,2316
29510.0093,Missouri,St. Louis City,St. Louis,13.36355932,63102,38.656479,-90.189868,0,12.08051091,2316
30013.1026,Montana,Cascade,Great Falls,5.367213115,59401,47.502222,-111.278889,13.4,2.399152036,13774
30029.0007,Montana,Flathead,Columbia Falls,8.893406593,59912,48.381111,-114.174722,8.9,2.362930254,13499
30029.0009,Montana,Flathead,Whitefish,9.260344828,59912,48.400407,-114.336962,9.3,2.287561296,13499
30029.0047,Montana,Flathead,Kalispell,7.913114754,59901,48.20054,-114.305334,9.3,2.379521405,49693
30031.0006,Montana,Gallatin,Not in a city,5.33875,59714,45.726223,-111.068135,5.4,1.942860819,18182
30031.0008,Montana,Gallatin,Not in a city,7.523333333,59718,45.772778,-111.1775,6.8,2.056366582,27367
30031.0016,Montana,Gallatin,West Yellowstone,6.886837335,59758,44.661393,-111.105891,13.3,1.759888982,1769
30049.0018,Montana,Lewis and Clark,Helena,7.531147389,59636,46.603889,-112.035278,11.675,1.95385521,12
30049.0026,Montana,Lewis and Clark,Helena Valley West Central,7.323214286,59602,46.658762,-112.013089,11.675,2.09014633,24285
30053.0018,Montana,Lincoln,Libby,13.16041667,59923,48.391545,-115.553309,17.7,2.393010263,9856
30063.0021,Montana,Missoula,Seeley Lake,7.85,59868,47.1771,-113.4827,11.9,2.370426932,2054
30063.0031,Montana,Missoula,Missoula,8.508496732,59801,46.874912,-113.995253,12.6,2.443071798,30940
30081.0007,Montana,Ravalli,Hamilton,8.043262458,59840,46.243621,-114.158889,12.4,1.858306726,13052
30089.0007,Montana,Sanders,Thompson Falls,7.191964286,59873,47.594395,-115.323746,12.4,2.695436666,3085
30093.0005,Montana,Silver Bow,Butte-Silver Bow (Remainder),10.19016393,59703,46.002602,-112.501247,11.4,1.890419283,43
30111.1065,Montana,Yellowstone,Billings,7.262184874,59101,45.801944,-108.426111,8.1,2.511717332,39562
31055.0019,Nebraska,Douglas,Omaha,9.181564246,68105,41.247486,-95.973142,19.8,7.034604874,23842
31055.0052,Nebraska,Douglas,Omaha,8.827586207,68127,41.197847,-96.056686,6.3,7.456591829,21117
31079.0004,Nebraska,Hall,Grand Island,7.687155963,68801,40.942099,-98.364967,4.8,5.186107533,30005
31109.0022,Nebraska,Lancaster,Lincoln,7.870063694,68503,40.81259,-96.68302,20.1,7.226721633,15264
31153.0007,Nebraska,Sarpy,Bellevue,9.190566038,68123,41.133294,-95.956103,4.1,7.456591829,27926
31157.0003,Nebraska,Scotts Bluff,Scottsbluff,6.783809524,69361,41.865,-103.664444,12.3,3.899386297,17999
31177.0002,Nebraska,Washington,Blair,8.215533981,68008,41.551211,-96.146175,2.7,7.034604874,12285
32003.0561,Nevada,Clark,Las Vegas,9.284705882,89101,36.163959,-115.113916,27.7,9.264662377,46055
32003.1019,Nevada,Clark,Jean,4.521621622,89179,35.785671,-115.357048,5.15,8.390542115,2340
32003.2002,Nevada,Clark,North Las Vegas,9.011009174,89030,36.19126,-115.12293,27.7,9.264662377,53928
32031.0016,Nevada,Washoe,Reno,11.74501992,89501,39.525083,-119.807717,8.6,5.14167653,4252
33001.2004,New Hampshire,Belknap,Laconia,6.094262295,3246,43.566111,-71.496361,8.3,3.63852829,15963
33005.0007,New Hampshire,Cheshire,Keene,11.42139034,3431,42.930472,-72.272389,6.5,4.587176552,25280
33009.001,New Hampshire,Grafton,Lebanon,6.68000278,3784,43.629611,-72.309583,6.4,4.41063884,4086
33011.1015,New Hampshire,Hillsborough,Nashua,9.218181818,3060,42.762056,-71.444583,12.4,5.873033391,29357
33013.1006,New Hampshire,Merrimack,Suncook,8.712637363,3275,43.13244,-71.458306,5.4,4.662477749,11437
33015.0014,New Hampshire,Rockingham,Portsmouth,8.195081967,3904,43.075333,-70.748,4.4,4.859330638,7703
33019.0003,New Hampshire,Sullivan,Claremont,8.546666667,3743,43.364444,-72.338333,12.6,4.068964872,14103
34001.0006,New Jersey,Atlantic,Galloway (Township of),10.23092784,8205,39.464872,-74.448736,4.5,8.857962119,28626
34001.1006,New Jersey,Atlantic,Atlantic City,10.771875,8401,39.36326,-74.431,28.1,8.857962119,39554
34003.0003,New Jersey,Bergen,Fort Lee,11.52924528,7024,40.852256,-73.973314,6.8,11.61937224,35353
34003.0007,New Jersey,Bergen,Carlstadt,12.66829268,7072,40.817218,-74.043758,6.7,11.61937224,6127
34003.0008,New Jersey,Bergen,Carlstadt,12.0804878,7072,40.816809,-74.043673,6.7,11.61937224,6127
34003.0009,New Jersey,Bergen,Carlstadt,12.33414634,7074,40.833111,-74.043459,3.2,11.61937224,2708
34007.0003,New Jersey,Camden,Camden,12.7495935,8104,39.923042,-75.097617,41.3,12.11620281,23851
34007.1007,New Jersey,Camden,Pennsauken (Pensauken),11.85779817,8110,39.989036,-75.050008,9.4,12.11620281,19008
34013.0015,New Jersey,Essex,Newark,12.95714286,7108,40.730286,-74.212738,32.6,7.87463715,24386
34015.0004,New Jersey,Gloucester,Greenwich (Township of),11.62293578,8027,39.830806,-75.284723,8.8,12.11620281,4888
34017.1003,New Jersey,Hudson,Jersey City,12.14406332,7302,40.725454,-74.05229,7.4,11.61937224,36352
34017.2002,New Jersey,Hudson,Union City,13.22818182,7087,40.772793,-74.031718,19,11.61937224,66515
34021.0008,New Jersey,Mercer,Trenton,11.10791789,8608,40.222411,-74.763167,30.3,10.08882219,983
34021.8001,New Jersey,Mercer,Hopewell (Township of),10.01401869,8560,40.31239,-74.87266,1.3,9.168158022,3656
34023.0006,New Jersey,Middlesex,North Brunswick Township,10.85892857,8901,40.472825,-74.422403,15.8,9.134249026,55223
34027.0004,New Jersey,Morris,Morristown,9.431132075,7960,40.801211,-74.483433,6.3,7.87463715,43747
34027.3001,New Jersey,Morris,Chester,8.844954128,7930,40.787628,-74.676301,2.3,7.004228211,8559
34029.2002,New Jersey,Ocean,Toms River,10.18425656,8753,39.994908,-74.170447,4.7,10.58358715,63678
34031.0005,New Jersey,Passaic,Paterson,11.46521739,7505,40.918381,-74.168092,21.3,6.852829909,2256
34039.0004,New Jersey,Union,Elizabeth,12.68036254,7202,40.64144,-74.208365,14.4,11.61937224,40849
34039.0006,New Jersey,Union,Elizabeth,12.38898305,7208,40.673406,-74.213889,12.6,7.87463715,31219
34039.2003,New Jersey,Union,Rahway,11.91081081,7065,40.603943,-74.276174,7.9,7.87463715,27346
34041.0006,New Jersey,Warren,Phillipsburg,11.16696429,8865,40.699207,-75.180525,10.2,7.818637166,29840
35001.0023,New Mexico,Bernalillo,Albuquerque,5.978931751,87109,35.1343,-106.5852,8.9,10.10219897,40432
35001.0024,New Mexico,Bernalillo,Albuquerque,5.913402062,87108,35.0631,-106.578785,24.9,10.10219897,38647
35005.0005,New Mexico,Chaves,Roswell,6.215555556,88230,33.396944,-104.523611,15,5.887814289,5179
35013.0017,New Mexico,Dona Ana,Not in a city,12.43690476,88063,31.795833,-106.5575,6.8,7.813533737,12799
35013.0025,New Mexico,Dona Ana,Las Cruces,5.894782609,88001,32.321944,-106.767778,26.6,8.630446892,37484
35017.1002,New Mexico,Grant,Silver City,5.072380952,88022,32.784444,-108.271667,10.2,5.302021572,1343
35025.0008,New Mexico,Lea,Hobbs,6.211214953,88242,32.726656,-103.122917,6.6,5.869165056,6141
35043.1003,New Mexico,Sandoval,Rio Rancho Estates,4.280833333,87048,35.238056,-106.649444,3.8,10.10219897,8682
35045.0006,New Mexico,San Juan,Farmington,5.879746835,87401,36.7275,-108.220833,14.4,5.917382155,46293
35049.002,New Mexico,Santa Fe,Santa Fe,4.509322034,87505,35.671111,-105.953611,9.6,6.046069044,31013
36001.0005,New York,Albany,Albany,9.458760684,12202,42.64225,-73.75464,27.5,6.934664417,9628
36001.0012,New York,Albany,Albany,8.225742574,12211,42.68075,-73.75733,27,6.934664417,11303
36005.008,New York,Bronx,New York,13.52241379,10452,40.83606,-73.92009,33.9,11.61937224,75371
36005.011,New York,Bronx,New York,11.8701559,10455,40.81618,-73.902,33.6,11.61937224,39665
36005.0133,New York,Bronx,New York,11.65042735,10458,40.8679,-73.87809,35.9,7.880172238,79492
36013.0011,New York,Chautauqua,Westfield,7.965740741,14787,42.29071,-79.58961,6.1,7.151015944,5121
36029.0005,New York,Erie,Buffalo,10.69228487,14206,42.876907,-78.809526,16.1,9.746405444,20751
36029.1007,New York,Erie,Lackawanna,9.866371681,14218,42.8273,-78.84984,15.4,9.746405444,19039
36031.0003,New York,Essex,Not in a city,4.298275862,12997,44.39308,-73.8589,10.6,3.385406218,1239
36047.0122,New York,Kings,New York,11.90366972,11222,40.71961,-73.94771,8.8,11.61937224,36934
36055.1007,New York,Monroe,Rochester,9.03826087,14610,43.14618,-77.54817,1.8,6.513345431,14233
36059.0008,New York,Nassau,Cedarhurst,10.88728814,11516,40.63103,-73.73388,4.4,16.99211482,7556
36061.0079,New York,New York,New York,12.41321586,10035,40.7997,-73.93432,33,11.61937224,33969
36061.0134,New York,New York,New York,13.18952381,10038,40.71436,-73.99518,2.425,11.61937224,20300
36063.2008,New York,Niagara,Niagara Falls,9.667256637,14304,43.08218,-79.00106,25.4,9.795531406,30389
36067.1015,New York,Onondaga,East Syracuse,8.15047619,13214,43.05235,-76.05921,7.9,5.595431836,8793
36071.0002,New York,Orange,Newburgh,9.541880342,12550,41.49916,-74.00885,9.3,5.925562725,54447
36081.0124,New York,Queens,New York,11.00167598,11367,40.73614,-73.82153,14.8,11.61937224,41047
36085.0055,New York,Richmond,New York,12.01339286,10302,40.63307,-74.13719,18.3,11.61937224,19088
36085.0067,New York,Richmond,New York,10.69230769,10314,40.59664,-74.12525,5.5,11.61937224,85510
36089.3001,New York,St. Lawrence,Potsdam,5.555555556,13676,44.67811,-74.95151,14.8,4.076458712,16646
36101.0003,New York,Steuben,Not in a city,7.91375,14801,42.09142,-77.20978,10.2,5.249961859,5475
36103.0002,New York,Suffolk,East Farmingdale,10.1125,11735,40.74529,-73.41919,2.3,16.99211482,32098
36119.1002,New York,Westchester,Mamaroneck,10.95714286,10538,40.93149,-73.76575,2.1,7.880172238,16597
37001.0002,North Carolina,Alamance,Burlington,11.99401709,27253,36.089004,-79.407821,0,8.252057127,29827
37021.0034,North Carolina,Buncombe,Asheville,9.313142857,28801,35.6075,-82.583333,30.2,6.975930135,15019
37033.0001,North Carolina,Caswell,Not in a city,11.38833333,27244,36.307033,-79.467417,6.5,7.878729002,14173
37035.0004,North Carolina,Catawba,Hickory,12.67628032,28601,35.728889,-81.365556,26,8.308309278,50026
37037.0004,North Carolina,Chatham,Pittsboro,11.10733945,27312,35.757222,-79.159722,7.5,8.265835744,18306
37051.0009,North Carolina,Cumberland,Fayetteville,12.34853801,28314,35.041416,-78.953112,14.1,9.73449922,54520
37057.0002,North Carolina,Davidson,Lexington,13.64833333,27292,35.814444,-80.2625,7.6,9.361373794,39787
37061.0002,North Carolina,Duplin,Kenansville,10.41651376,28453,34.954823,-77.960781,16,8.55790523,3829
37063.0015,North Carolina,Durham,Durham,11.38842975,27704,36.032944,-78.905417,31.9,7.95550306,34517
37065.0004,North Carolina,Edgecombe,Rocky Mount,11.45916667,27801,35.93355,-77.75007,21,7.771789787,21740
37067.0022,North Carolina,Forsyth,Winston-Salem,12.03146417,27101,36.110556,-80.226667,7.575,8.209286643,18901
37067.003,North Carolina,Forsyth,Winston-Salem,12.31025641,27103,36.026,-80.342,15,8.126742823,33208
37071.0016,North Carolina,Gaston,Gastonia,12.42727273,28054,35.253056,-81.153333,11.7,8.402989842,36270
37081.0013,North Carolina,Guilford,Greensboro,11.55789474,27408,36.109167,-79.801111,5.3,8.162497957,17296
37081.0014,North Carolina,Guilford,Not in a city,12.51322314,27235,36.06866,-80.00705,5.5,8.209286643,4136
37087.0012,North Carolina,Haywood,Waynesville,11.69915966,28786,35.50575,-82.97918,0,6.319707255,20714
37099.0006,North Carolina,Jackson,Not in a city,10.51702128,28789,35.466667,-83.278056,12.4,6.928892354,5097
37107.0004,North Carolina,Lenoir,Kinston,10.45304348,28504,35.231459,-77.568792,30.4,8.895667993,21642
37111.0004,North Carolina,McDowell,Marion,11.62067039,28752,35.687406,-81.993808,14,6.901897543,30600
37117.0001,North Carolina,Martin,Jamesville,11.13613445,27846,35.81066,-76.906249,16,6.828790986,2988
37119.0041,North Carolina,Mecklenburg,Charlotte,12.3951567,28205,35.2401,-80.785683,20.5,9.822602282,43931
37119.0042,North Carolina,Mecklenburg,Charlotte,13.07071823,28210,35.151283,-80.866983,11.7,8.402989842,42263
37119.0043,North Carolina,Mecklenburg,Not in a city,12.21158192,28216,35.3041,-80.88865,13.5,8.402989842,47208
37121.0001,North Carolina,Mitchell,Spruce Pine,9.864705882,28777,35.915278,-82.073333,8.8,6.901897543,10638
37123.0001,North Carolina,Montgomery,Candor,10.99166667,27229,35.2632,-79.836613,26.2,9.608512303,3929
37135.0007,North Carolina,Orange,Chapel Hill,12.14,27517,35.901944,-79.056667,13.6,8.252057127,23346
37147.0005,North Carolina,Pitt,Greenville,11.76153846,27858,35.594167,-77.386111,23.3,7.947334155,55781
37147.0006,North Carolina,Pitt,Not in a city,11.85384615,27834,35.63861,-77.35805,23.3,7.947334155,52914
37155.0005,North Carolina,Robeson,Not in a city,11.38706897,28358,34.645,-78.99028,22.6,9.793696989,38738
37159.0021,North Carolina,Rowan,Rockwell,12.87622951,28146,35.551868,-80.395039,8.9,9.542876846,27614
37173.0002,North Carolina,Swain,Bryson City (RR name Bryson),11.1991453,28713,35.434767,-83.442133,10.7,6.331454059,8686
37183.0014,North Carolina,Wake,Raleigh,11.18675214,27616,35.856111,-78.574167,9.8,8.6088431,42294
37183.002,North Carolina,Wake,Not in a city,11.39304348,27606,35.7288,-78.6802,12.1,10.09765627,43210
37189.0003,North Carolina,Watauga,Boone,9.153658537,28607,36.221944,-81.663056,11.6,6.417601583,33059
37191.0005,North Carolina,Wayne,Goldsboro,12.62280702,27531,35.369214,-77.993893,16.575,8.746541668,594
38007.0002,North Dakota,Billings,Not in a city,4.574137931,58622,46.8943,-103.37853,9.5,2.756028952,1489
38015.0003,North Dakota,Burleigh,Bismarck,6.857692308,58505,46.825425,-100.76821,10.675,3.844441257,2
38017.1004,North Dakota,Cass,Not in a city,8.327826087,58102,46.933754,-96.85535,7.9,4.83377825,29850
38057.0004,North Dakota,Mercer,Not in a city,6.516129032,58523,47.298611,-101.766944,7.1,3.585467911,3619
39009.0003,Ohio,Athens,Not in a city,10.742,45711,39.442165,-81.908827,14.4,7.971164931,1115
39017.0003,Ohio,Butler,Middletown,13.9180791,45044,39.4938,-84.3543,0.9,11.32199117,52822
39017.0016,Ohio,Butler,Fairfield,13.78983051,45015,39.33839,-84.5666,6.9,9.781109528,12038
39023.0005,Ohio,Clark,Springfield,12.7965812,45503,39.92882,-83.80949,22.4,10.9133522,32999
39025.0022,Ohio,Clermont,Batavia,11.74051724,45103,39.0828,-84.1441,8.7,10.49570752,31485
39035.0027,Ohio,Cuyahoga,Cleveland,13.22264151,44113,41.480891,-81.703803,35.7,10.37248037,19213
39035.0034,Ohio,Cuyahoga,Cleveland,10.82982456,44110,41.55523,-81.575256,28.4,8.800426056,20136
39035.0038,Ohio,Cuyahoga,Cleveland,14.03924051,44113,41.477011,-81.682383,35.7,10.37248037,19213
39035.0045,Ohio,Cuyahoga,Cleveland,13.63818182,44127,41.471782,-81.656792,35.9,10.37248037,5586
39035.006,Ohio,Cuyahoga,Cleveland,13.9277027,44115,41.492117,-81.678449,65.9,10.37248037,8307
39035.0065,Ohio,Cuyahoga,Newburgh Heights,14.56610169,44105,41.446682,-81.662419,35.9,10.37248037,40089
39035.1002,Ohio,Cuyahoga,Brook Park,11.92201835,44142,41.39629,-81.818667,4.8,10.37248037,19201
39049.0024,Ohio,Franklin,Columbus,12.76956522,43211,39.99875,-82.99344,31.3,12.86931892,21600
39049.0025,Ohio,Franklin,Columbus,12.44166667,43207,39.92845,-82.98104,24.1,12.86931892,45144
39049.0081,Ohio,Franklin,Columbus,11.0622807,43229,40.0877,-82.959773,22.2,10.43844711,46347
39057.0005,Ohio,Greene,Yellow Springs,11.61176471,45387,39.80834,-83.88705,4.2,10.9133522,5169
39061.0006,Ohio,Hamilton,Blue Ash,12.36666667,45249,39.2787,-84.36625,2.7,11.32199117,12902
39061.0014,Ohio,Hamilton,Cincinnati,15.16214689,45216,39.19433,-84.478974,19.1,11.79123558,9570
39061.004,Ohio,Hamilton,Cincinnati,12.67850467,45219,39.12886,-84.50404,25.3,11.79123558,16526
39061.0042,Ohio,Hamilton,Cincinnati,14.4036036,45204,39.10492,-84.55117,33.9,11.79123558,6972
39061.0043,Ohio,Hamilton,Sharonville,13.27008547,45241,39.290319,-84.414356,2.7,11.32199117,23044
39061.7001,Ohio,Hamilton,Norwood,13.70267857,45212,39.16032,-84.45826,12,11.79123558,22253
39061.8001,Ohio,Hamilton,St. Bernard,14.45478261,45217,39.180527,-84.49215,12.5,11.79123558,6566
39081.0017,Ohio,Jefferson,Steubenville,14.4990566,43952,40.36644,-80.61558,7.5,8.516830967,19050
39081.1001,Ohio,Jefferson,Mingo Junction,13.89619048,26037,40.32207,-80.6063,7.5,7.462966171,6642
39085.3002,Ohio,Lake,Painesville,11.57625,44077,41.72229,-81.24248,9.2,8.369277492,56491
39087.0012,Ohio,Lawrence,Ironton,13.24081633,41101,38.508075,-82.659241,15.6,9.249667328,18758
39093.3002,Ohio,Lorain,Sheffield,11.37267442,44054,41.463071,-82.114261,8.6,8.595181109,12591
39095.0024,Ohio,Lucas,Toledo,12.06483516,43604,41.644067,-83.54616,61.1,11.18403326,10154
39095.0025,Ohio,Lucas,Toledo,12.12926829,43605,41.66579,-83.47611,36.2,11.18403326,28346
39095.0026,Ohio,Lucas,Toledo,12.34504505,43614,41.62057,-83.64226,7.5,11.18403326,29290
39099.0005,Ohio,Mahoning,Youngstown,13.11111111,44504,41.111126,-80.645062,0,8.40905102,5262
39099.0014,Ohio,Mahoning,Youngstown,13.13529412,44503,41.095938,-80.658516,0,8.40905102,1021
39103.0003,Ohio,Medina,Not in a city,11.74955752,44256,41.10087,-81.911636,5.8,10.11940269,62039
39113.0032,Ohio,Montgomery,Dayton,13.3591029,45402,39.760659,-84.187678,38.7,10.66813748,11420
39133.0002,Ohio,Portage,Ravenna,12.22586207,44266,41.1644,-81.2352,12,11.77450811,33581
39135.1001,Ohio,Preble,New Paris,12.01176471,45320,39.83562,-84.72049,15,11.04516713,15691
39145.0013,Ohio,Scioto,Portsmouth,12.01950617,45662,38.75465,-82.917,22.5,9.070884362,30219
39151.0017,Ohio,Stark,Canton,13.41130435,44706,40.786878,-81.394186,15.2,9.959725908,18246
39151.002,Ohio,Stark,Canton,12.45074627,44702,40.800729,-81.373008,15.2,10.89642243,1053
39153.0017,Ohio,Summit,Akron,13.67368421,44305,41.063526,-81.468956,13.9,10.89642243,22294
39153.0023,Ohio,Summit,Akron,12.96754386,44320,41.087956,-81.541611,27.8,10.89642243,19937
39155.0007,Ohio,Trumbull,Warren,13.21747573,44484,41.214577,-80.787053,11.1,8.664768575,22991
39165.0007,Ohio,Warren,Lebanon,11.97372881,45036,39.42689,-84.20077,6,11.32199117,37504
40015.9008,Oklahoma,Caddo,Anadarko,9.680373832,73042,35.111944,-98.252778,22.3,6.637223525,1073
40097.0186,Oklahoma,Mayes,Pryor (corporate name Pryor Creek),11.61452991,74361,36.304624,-95.310616,11.4,8.416604908,16293
40101.0169,Oklahoma,Muskogee,Muskogee,11.55565217,74401,35.755273,-95.377669,23.7,8.118359672,17476
40109.0035,Oklahoma,Oklahoma,Oklahoma City,10.30582011,73106,35.47292,-97.52709,22,9.255464915,13581
40109.1037,Oklahoma,Oklahoma,Oklahoma City,10.74621849,73013,35.614131,-97.475083,4.9,9.255464915,43933
40115.9004,Oklahoma,Ottawa,Miami,9.997413793,74360,36.922222,-94.838889,0,7.169498509,31
40121.0415,Oklahoma,Pittsburg,McAlester,11.0328125,74554,34.90227,-95.784375,11.2,7.949246201,1744
40135.9015,Oklahoma,Sequoyah,Marble City Community,11.08494624,74962,35.581174,-94.830059,8.6,7.784838882,5092
40143.011,Oklahoma,Tulsa,Tulsa,11.74416667,74114,36.14004,-95.925382,16.5,10.60764148,15778
40143.1127,Oklahoma,Tulsa,Tulsa,11.43623596,74106,36.204902,-95.976537,37.2,10.60764148,17648
41017.012,Oregon,Deschutes,Bend,5.221276596,97701,44.063916,-121.312554,4.9,3.63298983,58993
41025.0002,Oregon,Harney,Burns,11.71666667,97738,43.586389,-119.051111,26.1,1.776024385,1941
41029.0133,Oregon,Jackson,Medford,11.05879397,97501,42.31411,-122.87923,14.4,3.294532879,42117
41029.1001,Oregon,Jackson,Central Point,6.915517241,97503,42.536111,-122.875,7.6,3.294532879,10528
41033.0114,Oregon,Josephine,Grants Pass,10.1862069,97526,42.434139,-123.348466,10.4,3.255775812,34205
41035.0004,Oregon,Klamath,Altamont,13.29837398,97603,42.190296,-121.731369,11.2,2.194525414,29525
41037.0001,Oregon,Lake,Lakeview,11.67868852,97630,42.189215,-120.353969,9.9,3.427498617,5096
41039.0058,Oregon,Lane,Eugene,8.422033898,97404,44.066304,-123.139831,7.7,4.409400515,32255
41039.006,Oregon,Lane,Eugene,7.795225464,97403,44.026312,-123.083737,5.3,4.409400515,11622
41039.1009,Oregon,Lane,Springfield,7.311290323,97477,44.046696,-123.017704,17.4,4.409400515,36874
41039.2013,Oregon,Lane,Oakridge,13.12087912,97463,43.744352,-122.480487,16.4,2.95394266,3877
41039.9004,Oregon,Lane,Cottage Grove,8.261666667,97424,43.799501,-123.053487,11.6,3.621289683,17594
41051.008,Oregon,Multnomah,Portland,8.355084746,97206,45.496641,-122.602877,12.2,5.704889466,47596
41051.0246,Oregon,Multnomah,Portland,7.737190083,97217,45.56137,-122.6679,13.5,5.704889466,31438
41059.0121,Oregon,Umatilla,Pendleton,8.283193277,97801,45.652231,-118.823033,6.8,2.716045809,21521
41061.0119,Oregon,Union,La Grande,6.715254237,97850,45.339,-118.095206,11.6,2.314551552,16955
41067.0004,Oregon,Washington,Hillsboro,9.746153846,97124,45.528501,-122.972398,6,4.28886777,48349
42001.0001,Pennsylvania,Adams,Not in a city,11.42735294,17353,39.92002,-77.30968,7.8,8.188808273,3228
42003.0008,Pennsylvania,Allegheny,Pittsburgh,12.98131068,15224,40.46542,-79.960757,15.3,10.51794331,10141
42003.0064,Pennsylvania,Allegheny,Liberty,17.13510896,15133,40.323768,-79.868062,2.4,10.51794331,6432
42003.0067,Pennsylvania,Allegheny,McDonald,10.80925926,15064,40.375644,-80.169943,0,9.56995817,382
42003.1008,Pennsylvania,Allegheny,Harrison Township,13.51869159,15065,40.617488,-79.727664,8.8,8.42033317,11588
42003.1301,Pennsylvania,Allegheny,North Braddock,14.22546584,15104,40.402328,-79.860973,31.6,10.51794331,9038
42003.3007,Pennsylvania,Allegheny,Clairton,13.3637931,15025,40.294341,-79.885331,16,10.51794331,15944
42007.0014,Pennsylvania,Beaver,Beaver Falls,13.93024691,15010,40.747796,-80.316442,8.2,8.610229482,28425
42011.0011,Pennsylvania,Berks,Not in a city,12.41293103,19605,40.38335,-75.9686,7.8,8.714115639,18985
42017.0012,Pennsylvania,Bucks,Bristol,12.53398058,19007,40.107222,-74.882222,5.5,9.168158022,21125
42021.0011,Pennsylvania,Cambria,Johnstown,13.89672131,15902,40.309722,-78.915,31.2,7.956592893,12513
42027.01,Pennsylvania,Centre,State College,10.82144847,16803,40.811389,-77.877028,10.625,6.260422409,23685
42029.01,Pennsylvania,Chester,Not in a city,13.54607843,19374,39.834461,-75.768242,0,10.00607413,1252
42041.0101,Pennsylvania,Cumberland,Carlisle,13.02422535,17013,40.246528,-77.18675,5.5,7.605065054,34575
42043.0401,Pennsylvania,Dauphin,Not in a city,13.20489914,17104,40.246992,-76.846988,35,8.813175581,20962
42045.0002,Pennsylvania,Delaware,Chester,13.87051282,19013,39.835556,-75.3725,27.9,10.09234488,35130
42049.0003,Pennsylvania,Erie,Erie,10.72463343,16511,42.14175,-80.038611,32.1,6.858107574,11382
42069.2006,Pennsylvania,Lackawanna,Scranton,10.0773639,18519,41.442778,-75.623056,5.8,6.267811383,5104
42071.0007,Pennsylvania,Lancaster,Lancaster,14.04473684,17601,40.046667,-76.283333,3.2,10.39615134,49779
42085.01,Pennsylvania,Mercer,Farrell,11.54131737,16121,41.215014,-80.484779,22.1,8.40905102,4941
42091.0013,Pennsylvania,Montgomery,Norristown,11.76146789,19401,40.112222,-75.309167,3.1,12.11620281,41753
42095.0025,Pennsylvania,Northampton,Freemansburg,12.26777778,18020,40.628056,-75.341111,2.4,7.818637166,20447
42101.0004,Pennsylvania,Philadelphia,Philadelphia,12.91397059,19124,40.008889,-75.09778,28.6,12.11620281,66691
42101.0024,Pennsylvania,Philadelphia,Philadelphia,11.96938202,19114,40.0764,-75.011549,5.4,9.168158022,30907
42101.0047,Pennsylvania,Philadelphia,Philadelphia,13.34651494,19147,39.944651,-75.165206,16.36666667,12.11620281,36228
42101.0055,Pennsylvania,Philadelphia,Philadelphia,13.4021148,19145,39.922867,-75.186921,26.2,12.11620281,47261
42101.0057,Pennsylvania,Philadelphia,Philadelphia,13.09407514,19123,39.960061,-75.142224,12.2,12.11620281,13416
42125.0005,Pennsylvania,Washington,Charleroi,13.08154762,15022,40.146667,-79.902222,12.8,9.354116849,10340
42125.02,Pennsylvania,Washington,Washington,12.38090909,15301,40.170556,-80.261389,8.9,8.132669478,49331
42125.5001,Pennsylvania,Washington,Not in a city,11.020625,15021,40.445278,-80.420833,7.9,9.56995817,7352
42129.0008,Pennsylvania,Westmoreland,Greensburg,12.59824561,15601,40.304694,-79.505667,5.6,8.345178596,59483
42133.0008,Pennsylvania,York,York,13.40236686,17403,39.965278,-76.699444,38.1,10.06611571,39042
44003.0002,Rhode Island,Kent,Not in a city,6.60869029,2817,41.615237,-71.72,5.3,6.356762463,6135
44007.0022,Rhode Island,Providence,Providence,9.242783505,2905,41.807776,-71.415105,23.3,7.373641272,25223
44007.0026,Rhode Island,Providence,Pawtucket,10.67863248,2860,41.874668,-71.379971,22.4,7.373641272,45199
44007.0028,Rhode Island,Providence,Providence,9.797115385,2905,41.809235,-71.40743,23.3,7.373641272,25223
44007.101,Rhode Island,Providence,East Providence,9.027192982,2916,41.841573,-71.36077,2.9,7.373641272,8139
45019.0048,South Carolina,Charleston,North Charleston,10.04803922,29423,32.980254,-80.06501,23.025,8.528381192,956
45019.0049,South Carolina,Charleston,Charleston,9.490697674,29409,32.790984,-79.958694,0,8.528381192,2100
45025.0001,South Carolina,Chesterfield,Not in a city,11.05090909,29718,34.615367,-80.198787,4.9,9.287080054,3856
45037.0001,South Carolina,Edgefield,Not in a city,12.16306306,29847,33.739963,-81.853635,14.8,9.171640849,5480
45041.0002,South Carolina,Florence,Not in a city,11.41090909,29501,34.167636,-79.850404,11.3,9.566813186,43220
45045.0008,South Carolina,Greenville,Greenville,12.56393939,29605,34.838814,-82.402918,23.6,8.054434495,34414
45045.0009,South Carolina,Greenville,Taylors,12.2405868,29615,34.899141,-82.31307,6,8.054434495,35151
45045.0015,South Carolina,Greenville,Greenville,12.98198198,29601,34.843895,-82.414585,23.6,8.054434495,10550
45063.0008,South Carolina,Lexington,Seven Oaks,11.92457338,29210,34.051017,-81.15495,17.2,8.89611286,40356
45073.0001,South Carolina,Oconee,Not in a city,9.095535714,29664,34.805261,-83.2377,17,6.649916178,1808
45079.0007,South Carolina,Richland,Dentsville (Dents),12.38319328,29147,34.093959,-80.962304,3.975,10.20997862,0
45079.0019,South Carolina,Richland,Columbia,12.16787879,29225,33.991509,-81.024141,5.45,10.20997862,1228
45079.1001,South Carolina,Richland,Not in a city,11.84833333,29229,34.131262,-80.868318,4.7,8.124356576,44229
45083.001,South Carolina,Spartanburg,Not in a city,11.9744186,29301,34.926839,-82.005211,14.9,8.51206807,31051
46011.0002,South Dakota,Brookings,Brookings,7.963461538,57006,44.310283,-96.80071,7.2,4.574941827,24530
46013.0003,South Dakota,Brown,Aberdeen,7.666393443,57401,45.4625,-98.486111,5,4.106118933,30061
46029.0002,South Dakota,Codington,Watertown,9.586486486,57201,44.89965,-97.128802,8.6,4.434214955,24983
46033.0132,South Dakota,Custer,Not in a city,4.902631579,57730,43.55764,-103.48386,0,2.978003702,5315
46071.0001,South Dakota,Jackson,Not in a city,5.252941176,57750,43.74561,-101.941218,40,2.796456498,295
46099.0006,South Dakota,Minnehaha,Sioux Falls,9.432231405,57103,43.544289,-96.726435,0,5.421387657,34480
46099.0008,South Dakota,Minnehaha,Sioux Falls,8.904504505,57103,43.54792,-96.700769,9,5.421387657,34480
46103.002,South Dakota,Pennington,Rapid City,7.740495868,57702,44.087397,-103.273777,14.9,3.111781482,32980
46103.1001,South Dakota,Pennington,Rapid City,6.71512605,57701,44.078352,-103.22824,14.9,3.111781482,43462
47065.0031,Tennessee,Hamilton,East Ridge,12.2559322,37412,34.99438,-85.24293,8.9,9.459333349,20951
47065.1011,Tennessee,Hamilton,Soddy-Daisy,11.33606557,37379,35.233476,-85.181581,7.5,8.111289104,26835
47065.4002,Tennessee,Hamilton,Chattanooga,12.57890295,37403,35.050918,-85.293019,19.8,8.111289104,5811
48029.0032,Texas,Bexar,San Antonio,9.94516129,78240,29.51509,-98.620166,9.3,8.718158728,51111
48029.0059,Texas,Bexar,San Antonio,8.712068966,78112,29.275381,-98.311692,16.5,9.281407753,7941
48037.0004,Texas,Bowie,Texarkana,11.16721311,75501,33.425758,-94.070802,20.3,8.901955332,36298
48043.0101,Texas,Brewster,Not in a city,5.684375,79834,29.30265,-103.17781,0,4.682187064,200
48061.2004,Texas,Cameron,South Padre Island,13.296875,78521,26.069615,-97.1622,28.7,5.325921032,93818
48113.005,Texas,Dallas,Dallas,11.4877193,75201,32.774262,-96.797686,5.475,12.5124753,9409
48113.0069,Texas,Dallas,Dallas,10.80591017,75247,32.820061,-96.860117,25.6,12.66238418,468
48113.0087,Texas,Dallas,Dallas,9.472916667,75237,32.676451,-96.87206,27.7,12.5124753,17101
48135.0003,Texas,Ector,Odessa,9.272131148,79761,31.836575,-102.342037,16.6,8.426707125,30488
48139.0016,Texas,Ellis,Midlothian,12.8671875,76065,32.482083,-97.026899,3.8,11.59097043,28986
48141.0037,Texas,El Paso,El Paso,9.540677966,79902,31.768291,-106.50126,26,7.315802987,21236
48141.0044,Texas,El Paso,El Paso,11.85901639,79905,31.765685,-106.455227,59.9,7.315802987,26036
48141.0053,Texas,El Paso,El Paso,16.15178571,79902,31.758532,-106.501045,59.9,7.315802987,21236
48201.0024,Texas,Harris,Houston,11.77627119,77039,29.901036,-95.326137,23,12.97970643,27562
48201.0058,Texas,Harris,Baytown,10.77894737,77520,29.770698,-95.031232,20.1,13.93993867,36489
48201.1035,Texas,Harris,Houston,14.24758065,77029,29.733726,-95.257593,17.9,14.01842704,17814
48203.0002,Texas,Harrison,Not in a city,10.1852459,75661,32.668987,-94.167457,16.1,8.572363019,2807
48215.0043,Texas,Hidalgo,Mission,11.44461538,78501,26.22621,-98.291069,30.3,8.662227571,61219
48245.0021,Texas,Jefferson,Port Arthur,12.02857143,77619,29.922894,-93.909018,10.2,11.28502465,16147
48355.0032,Texas,Nueces,Corpus Christi,10.98426966,78408,27.804505,-97.431582,26.4,9.319250799,12061
48355.0034,Texas,Nueces,Corpus Christi,8.944642857,78407,27.811817,-97.465703,37.7,9.319250799,2955
48361.1001,Texas,Orange,West Orange,10.95853659,77630,30.085263,-93.761341,7.9,11.28502465,26796
48375.032,Texas,Potter,Amarillo,6.33442623,79106,35.201592,-101.909275,16.5,6.067030509,27967
48439.1002,Texas,Tarrant,Fort Worth,10.30529801,76106,32.805818,-97.356568,30.2,8.854078324,35389
48439.1006,Texas,Tarrant,Fort Worth,11.17580645,76102,32.759143,-97.342334,43.1,9.254838736,8111
48453.002,Texas,Travis,Leander,8.873333333,78613,30.483168,-97.872301,4.3,8.639606423,65099
48453.0021,Texas,Travis,Austin,10.45172414,78702,30.263208,-97.712883,27.2,8.639606423,21334
49003.0003,Utah,Box Elder,Brigham City,8.204132231,84302,41.492707,-112.018863,3,3.533592756,23703
49005.0004,Utah,Cache,Logan,9.704314721,84321,41.731111,-111.8375,14,3.533592756,44074
49011.0004,Utah,Davis,Bountiful,10.23613445,84014,40.902967,-111.884467,1.7,4.3312671,15268
49035.0003,Utah,Salt Lake,Cottonwood West,10.57205479,84117,40.646667,-111.849722,7.2,4.766253167,24305
49035.1001,Utah,Salt Lake,Magna,8.046666667,84044,40.708611,-112.094722,10.1,4.680963592,26524
49035.3006,Utah,Salt Lake,Salt Lake City,10.31049724,84105,40.736389,-111.872222,6.3,4.3312671,22140
49035.301,Utah,Salt Lake,Salt Lake City,10.9784264,84116,40.78422,-111.931,16.8,3.275534331,33297
49045.0003,Utah,Tooele,Tooele,6.513513514,84074,40.543309,-112.299618,6.7,3.473732886,44310
49049.0002,Utah,Utah,Provo,9.732047478,84604,40.253611,-111.663056,14.6,4.383626892,49145
49049.4001,Utah,Utah,Lindon,9.967073171,84042,40.341389,-111.713611,8.2,4.383626892,10094
49049.5008,Utah,Utah,Highland,7.896638655,84003,40.430278,-111.803889,4.7,4.766253167,42384
49049.501,Utah,Utah,Spanish Fork,8.225409836,84663,40.136336,-111.660502,4.7,4.383626892,29975
49057.0002,Utah,Weber,Ogden,9.860335196,84405,41.206321,-111.975524,6.2,4.16504901,31348
49057.1003,Utah,Weber,Harrisville,8.654310345,84414,41.303614,-111.987871,3.3,4.16504901,26507
50003.0004,Vermont,Bennington,Bennington,7.33,5257,42.88759,-73.24984,0,5.143594549,2718
50007.0007,Vermont,Chittenden,Underhill (Town of),5.607758621,5489,44.52839,-72.86884,2.9,5.117598709,3174
50007.0012,Vermont,Chittenden,Burlington,7.759574468,5401,44.480278,-73.214444,15.5,5.117598709,28185
50021.0002,Vermont,Rutland,Rutland,10.56017699,5701,43.608056,-72.982778,3.8,4.454097276,20802
51003.0001,Virginia,Albemarle,Not in a city,10.38888889,22901,38.07657,-78.50397,0,8.327331492,32532
51013.002,Virginia,Arlington,Arlington,12.02796209,22202,38.8577,-77.05922,1.8,10.37936426,22543
51036.0002,Virginia,Charles,Not in a city,10.51833333,23836,37.34438,-77.25925,10.6,9.46184914,11444
51041.0003,Virginia,Chesterfield,Bensley,11.30163934,23234,37.43467,-77.45118,12.7,8.145455401,42989
51059.003,Virginia,Fairfax,Groveton,11.13314121,22310,38.77335,-77.10468,7.9,10.98276685,29609
51059.1005,Virginia,Fairfax,Annandale,11.22916667,22041,38.83738,-77.16338,12.8,10.37936426,27989
51059.5001,Virginia,Fairfax,McLean,11.77844828,22101,38.9326,-77.19822,3.2,10.37936426,29887
51069.001,Virginia,Frederick,Not in a city,12.06333333,22624,39.28102,-78.08157,2.7,8.590233047,2565
51087.0014,Virginia,Henrico,East Highland Park,10.76,23223,37.55652,-77.40027,23.2,7.583241014,47677
51087.0015,Virginia,Henrico,Not in a city,10.45847458,23060,37.67132,-77.5664,3.2,7.583241014,33417
51107.1005,Virginia,Loudoun,Not in a city,11.53135593,20147,39.02473,-77.48925,1.7,9.187620127,54086
51139.0004,Virginia,Page,Not in a city,10.47118644,22835,38.66373,-78.50442,4.8,8.366547155,11634
51165.0003,Virginia,Rockingham,Not in a city,11.4981982,22802,38.47753,-78.81952,11.3,6.754194038,26293
51520.0006,Virginia,Bristol City,Bristol,10.58916667,24201,36.608,-82.1641,22.6,7.32580436,17116
51650.0004,Virginia,Hampton City,Hampton,11.5957265,23661,37.000983,-76.398633,8.2,8.068591502,14113
51680.0015,Virginia,Lynchburg City,Lynchburg,10.16722689,24502,37.332706,-79.215011,11.6,6.879194805,43426
51710.0024,Virginia,Norfolk City,Norfolk,13.66464088,23510,36.85555,-76.30135,4.125,8.935473088,7031
51770.0014,Virginia,Roanoke City,Roanoke,12.19256198,24015,37.256111,-79.985,6.4,6.401194778,15255
51770.0015,Virginia,Roanoke City,Roanoke,11.70142045,24012,37.297167,-79.955733,34.8,6.214850328,29015
51810.0008,Virginia,Virginia Beach City,Virginia Beach,11.92449568,23462,36.841883,-76.181233,6.6,8.935473088,61973
53011.0013,Washington,Clark,Vancouver,8.394158076,98662,45.648333,-122.586944,8.7,5.704889466,31644
53033.0057,Washington,King,Seattle,8.807586207,98134,47.55975,-122.338265,0,4.946870201,644
53033.008,Washington,King,Seattle,6.626190476,98144,47.568236,-122.308628,12.8,4.946870201,26881
53053.0029,Washington,Pierce,Tacoma,9.833057851,98408,47.1864,-122.4517,13.4,4.694814499,18830
53061.002,Washington,Snohomish,Darrington,7.347887324,98223,48.2469,-121.6031,4,4.461834897,40815
53061.1007,Washington,Snohomish,Marysville,8.401497006,98270,48.054315,-122.171529,8.6,5.965476537,45899
53063.0016,Washington,Spokane,Spokane,9.108450704,99202,47.660743,-117.358121,25.9,5.28488676,21580
53077.0009,Washington,Yakima,Yakima,9.816129032,98902,46.598056,-120.499167,16.3,2.772883112,46322
54003.0003,West Virginia,Berkeley,Martinsburg,14.15826087,25401,39.448006,-77.964125,18.9,8.657931674,14622
54009.0005,West Virginia,Brooke,Follansbee,14.77264957,26037,40.341023,-80.596635,7.5,7.462966171,6642
54009.0011,West Virginia,Brooke,Weirton,14.19733333,26062,40.394583,-80.612017,20,8.516830967,21801
54011.0006,West Virginia,Cabell,Huntington,14.27426471,25703,38.424133,-82.4259,40.9,9.265695142,6751
54029.1004,West Virginia,Hancock,Weirton,13.37310924,26062,40.421539,-80.580717,10.9,8.516830967,21801
54033.0003,West Virginia,Harrison,Clarksburg,12.58067227,26301,39.278117,-80.34225,18.2,6.351205092,30435
54039.001,West Virginia,Kanawha,Charleston,12.90683761,25301,38.3456,-81.628317,22.7,8.59669785,2771
54039.1005,West Virginia,Kanawha,South Charleston,14.2017094,25303,38.366183,-81.693717,7.2,8.59669785,7112
54049.0006,West Virginia,Marion,Fairmont,13.71637931,26559,39.481483,-80.134667,11.3,6.514601943,1269
54051.1002,West Virginia,Marshall,Moundsville,13.09196676,26041,39.915961,-80.733858,11.1,7.45861192,16183
54061.0003,West Virginia,Monongalia,Morgantown,12.60598291,26505,39.649367,-79.920867,14.6,7.061345081,38772
54069.001,West Virginia,Ohio,Wheeling,12.83719008,26003,40.114876,-80.700972,8,7.462966171,43002
54081.0002,West Virginia,Raleigh,Beckley,10.74513274,25801,37.807767,-81.197433,24,7.630051744,33590
54107.1002,West Virginia,Wood,Vienna,13.85663717,26105,39.323533,-81.552367,5.2,9.49635191,12333
55003.001,Wisconsin,Ashland,Not in a city,6.38220339,54861,46.602,-90.656,57.7,3.420062617,150
55009.0005,Wisconsin,Brown,Green Bay,11.75188172,54302,44.50729,-87.99344,18.4,6.938969967,30611
55025.0047,Wisconsin,Dane,Madison,12.39633028,53705,43.0733,-89.4358,5.675,8.001186465,23494
55027.0007,Wisconsin,Dodge,Not in a city,10.59915254,53035,43.435,-88.527778,4.1,8.141201831,2406
55041.0007,Wisconsin,Forest,Not in a city,6.956779661,54520,45.563,-88.8088,18.9,3.411246655,4141
55043.0009,Wisconsin,Grant,Potosi,12.72672414,53820,42.693,-90.698,5.7,7.107276292,2532
55059.0019,Wisconsin,Kenosha,Pleasant Prairie,11.81803279,60096,42.504722,-87.8093,2.5,9.968853842,6897
55063.0012,Wisconsin,La Crosse,La Crosse,11.83553719,54601,43.7775,-91.2269,12,7.227093709,49282
55071.0007,Wisconsin,Manitowoc,Not in a city,10.47241379,54241,44.138619,-87.6161,5.1,7.465391189,14884
55079.001,Wisconsin,Milwaukee,Milwaukee,12.78278689,53204,43.016667,-87.933333,39.3,8.759594224,42355
55079.0026,Wisconsin,Milwaukee,Milwaukee,12.69403974,53212,43.060975,-87.913504,34.6,8.759594224,30416
55079.0043,Wisconsin,Milwaukee,Milwaukee,12.69495798,53204,43.02641,-87.91111,0,8.759594224,42355
55079.0059,Wisconsin,Milwaukee,Milwaukee,13.31833333,53221,42.955,-87.934167,10.8,8.759594224,37701
55079.0099,Wisconsin,Milwaukee,Milwaukee,13.05833333,53203,43.039871,-87.920794,0,8.759594224,938
55087.0009,Wisconsin,Outagamie,Appleton,11.35948276,54913,44.30738,-88.395178,1.3,7.307604388,17629
55089.0009,Wisconsin,Ozaukee,Not in a city,11.2725,53004,43.49806,-87.81,2.8,7.576284601,3330
55109.1002,Wisconsin,St. Croix,Not in a city,10.75867769,54025,45.124437,-92.662696,9.2,7.708044767,6864
55111.0007,Wisconsin,Sauk,Not in a city,10.45592105,53913,43.4351,-89.6797,6.3,7.007509134,19881
55119.8001,Wisconsin,Taylor,Not in a city,10.16280992,54451,45.2066,-90.5972,7.9,4.798557263,11755
55125.0001,Wisconsin,Vilas,Not in a city,6.766037736,54512,46.052,-89.653,10.3,3.076156675,833
55133.0027,Wisconsin,Waukesha,Waukesha,13.5464,53186,43.020075,-88.21507,8.2,8.759594224,33592
56005.0891,Wyoming,Campbell,Not in a city,5.254676259,82718,43.6483,-105.2133,3.4,6.534819421,23003
56005.0892,Wyoming,Campbell,Not in a city,5.845299145,82718,44.097074,-105.343164,0,3.189812369,23003
56005.0899,Wyoming,Campbell,Not in a city,5.031884058,82716,44.465968,-105.551745,5.9,3.192580554,18747
56009.0819,Wyoming,Converse,Not in a city,3.496330275,82633,43.426621,-105.386453,3.4,3.079594714,9592
56013.1003,Wyoming,Fremont,Lander,7.870588235,82510,42.841049,-108.736277,5.1,2.55588314,423
56021.0001,Wyoming,Laramie,Cheyenne,4.5,82001,41.139976,-104.817801,5.1,3.494107645,35484
56029.0001,Wyoming,Park,Cody,7.052307692,82414,44.532426,-109.072975,0,1.817099423,15011
56033.0002,Wyoming,Sheridan,Sheridan,7.823497268,82801,44.815142,-106.955933,5.3,2.17770706,24558
56033.0003,Wyoming,Sheridan,Sheridan,5.321666667,82801,44.805494,-106.976243,5.3,2.17770706,24558
56035.0705,Wyoming,Sublette,Pinedale,6.173493976,82941,42.870531,-109.860957,1.6,2.377327542,5028
56037.0007,Wyoming,Sweetwater,Rock Springs,6.714285714,82901,41.591613,-109.220722,34.9,3.892566749,27971
56039.1006,Wyoming,Teton,Jackson,5.149152542,83001,43.47808,-110.76118,0,2.447283347,15851
