section,year
62940,Sophomore
62935,Sophomore
62935,Senior
62895,Senior
62895,Junior
62940,Sophomore
62895,Sophomore
62930,Sophomore
62935,Sophomore
62900,Junior
62930,Junior
62900,Sophomore
62935,Sophomore
62935,Junior
62900,Senior
62940,Senior
62940,Sophomore
62930,Junior
62935,Junior
62895,Junior
62925,Junior
62895,Junior
62900,Sophomore
62900,Sophomore
62895,Senior
62935,Sophomore
62900,Junior
62930,Junior
62935,Senior
62940,Junior
62935,Senior
62900,Junior
62895,Junior
62935,Junior
62930,Sophomore
62935,Sophomore
62925,Senior
62900,Sophomore
62935,Sophomore
62930,Sophomore
62940,Junior
62900,Sophomore
62935,Sophomore
62895,Junior
62935,Senior
62940,Junior
62925,Senior
62940,Junior
62930,Junior
62895,Junior
62895,Junior
62925,Senior
62930,Junior
62900,Junior
62925,Senior
62900,Senior
62900,Junior
62900,Sophomore
62930,Junior
62940,Junior
62895,Senior
62925,Senior
62930,Senior
62940,Senior
62930,Sophomore
62940,Junior
62895,Senior
62925,Senior
62940,Sophomore
62895,Junior
62925,Senior
62925,Senior
62925,Senior
62940,Junior
62900,Senior
62895,Senior
62935,Senior
62895,Senior
62940,Senior
62935,Sophomore
62935,Senior
62900,Junior
62925,Sophomore
62930,Senior
62930,Senior
62900,Senior
62895,Junior
62935,Senior
62900,Junior
62900,Junior
62930,Junior
62895,Senior
62935,Junior
62935,Junior
62935,Senior
62935,Senior
62895,Sophomore
62930,Senior
62930,Junior
62900,Senior
62935,Senior
62940,Junior
62930,Junior
62925,Senior
62935,Sophomore
62935,Freshman
62930,Senior
62900,Senior
62940,Junior
62935,Senior
62940,Sophomore
62900,Junior
62935,Sophomore
62895,Junior
62940,Junior
62925,Senior
62900,Senior
62940,Sophomore
62930,Senior
62930,Junior
62930,Junior
62930,Senior
62935,Sophomore
62930,Sophomore
62895,Senior
62935,Freshman
62925,Sophomore
62930,Sophomore
62895,Senior
62925,Senior
62895,Senior
62895,Junior
62895,Senior
62930,Junior
62925,Senior
62940,Sophomore
62930,Senior
62925,Junior
62895,Senior
62940,Junior
62900,Junior
62930,Senior
62900,Junior
62935,Senior
62940,Senior
62935,Junior
62895,Junior
62895,Senior
62940,Junior
62930,Junior
62895,Sophomore
62900,Sophomore
62895,Senior
62930,Junior
62940,Junior
62925,Senior
62900,Junior
62930,Sophomore
62925,Senior
62925,Junior
62925,Junior
62930,Sophomore
62930,Sophomore
62935,Junior
62895,Senior
62940,Senior
62940,Sophomore
62925,Junior
62940,Junior
62930,Junior
62935,Junior
62930,Junior
62930,Junior
62925,Junior
62925,Junior
62900,Junior
62900,Senior
62900,Senior
62940,Junior
62925,Junior
62940,Senior
62935,Sophomore
62895,Sophomore
62925,Senior
62925,Junior
62925,Junior
62940,Junior
62900,Junior
62940,Senior
62895,Junior
62900,Junior
62930,Sophomore
62930,Junior
62900,Junior
62940,Senior
62895,Senior
62895,Sophomore
62900,Junior
62925,Junior
62940,Senior
62895,Junior
62895,Senior
62925,Junior
62940,Junior
62935,Junior
62925,Junior
62895,Junior
62900,Junior
62900,Junior
62900,Senior
62940,Junior
62930,Sophomore
62900,Junior
62930,Junior
62925,Junior
62930,Sophomore
62940,Sophomore
62900,Sophomore
62895,Junior
62930,Junior
62925,Sophomore
62925,Freshman
62935,Junior
62940,Junior
62925,Senior
62925,Sophomore
62895,Sophomore
62925,Junior
62925,Junior
62895,Junior
62925,Junior
62900,Junior
62940,Senior
62895,Other
62925,Senior
62925,Junior
62935,Senior
62935,Senior
62930,Junior
62940,Senior
62930,Senior
62930,Sophomore
62900,Junior
62900,Freshman
62930,Junior
62935,Senior
62935,Junior
62935,Senior
62940,Sophomore
62930,Senior
62935,Junior
62895,Freshman
62900,Junior
62940,Senior
62900,Junior
62900,Junior
62925,Junior
62925,Sophomore
62930,Sophomore
62935,Sophomore
62935,Senior
62900,Senior
62930,Sophomore
62925,Senior
62930,Sophomore
62895,Senior
62900,Senior
62940,Senior
62925,Senior
62935,Sophomore
62900,Junior
62895,Junior
62935,Sophomore
62895,Senior
62935,Senior
62940,Junior
62940,Senior
62940,Senior
62930,Junior
62895,Junior
62895,Senior
62895,Senior
62895,Junior
62935,Junior
